"","Data","startTyg","Bora-Komorowskiego","Bulwary","Dworzec Główny","Klimeckiego","Kopernika","Kotlarska","Mogilska","Monte Cassino","Nowohucka","Smoleńsk","Tyniecka","Wadowicka","Wielicka","temp_max","temp_min","temp_avg","deszcz","snieg","Rodzaj_opadu","Jaki_dzien","Wolne"
"1",2016-11-18,2016-11-14,NA,421,NA,NA,NA,560,907,NA,NA,NA,NA,212,329,13.3,-0.2,5.8,0,0,"s","roboczy",FALSE
"2",2016-11-19,2016-11-14,NA,328,NA,NA,NA,232,438,NA,NA,NA,NA,206,151,12.9,2.1,8.4,2.8,0,"d","weekend",TRUE
"3",2016-11-20,2016-11-14,NA,539,NA,NA,NA,285,549,NA,NA,NA,NA,212,182,14.3,2.5,7.3,0,0,"s","weekend",TRUE
"4",2016-11-21,2016-11-21,NA,1002,NA,NA,NA,953,1501,NA,NA,NA,NA,382,479,19,3.6,9.6,0,0,"s","roboczy",FALSE
"5",2016-11-22,2016-11-21,NA,1132,NA,NA,NA,1039,1626,NA,NA,NA,NA,386,502,15.3,3,7.7,0,0,"s","roboczy",FALSE
"6",2016-11-23,2016-11-21,NA,972,NA,NA,NA,996,1555,NA,NA,NA,NA,319,440,12.3,1.3,5.4,0,0,"s","roboczy",FALSE
"7",2016-11-24,2016-11-21,NA,701,NA,NA,NA,787,1270,NA,NA,NA,NA,255,358,7.8,0.3,5.3,0.5,0,"d","roboczy",FALSE
"8",2016-11-25,2016-11-21,NA,454,NA,NA,NA,551,906,NA,NA,NA,NA,158,222,7.4,1.1,4.5,0,0,"s","roboczy",FALSE
"9",2016-11-26,2016-11-21,NA,259,NA,NA,NA,265,385,NA,NA,NA,NA,107,109,4.7,-1.6,2.1,0,0.2,"s","weekend",TRUE
"10",2016-11-27,2016-11-21,NA,127,NA,NA,NA,102,246,NA,NA,NA,NA,117,58,8.3,1.3,4.4,0,2.6,"s","weekend",TRUE
"11",2016-11-28,2016-11-28,NA,357,NA,NA,NA,493,804,NA,NA,NA,NA,155,204,2.3,-1.5,-0.7,0,0.3,"s","roboczy",FALSE
"12",2016-11-29,2016-11-28,NA,336,NA,NA,NA,497,801,NA,NA,NA,NA,219,194,-0.1,-9,-2,0,0.1,"s","roboczy",FALSE
"13",2016-11-30,2016-11-28,NA,370,NA,NA,NA,467,821,NA,NA,NA,NA,252,199,1.3,-1.9,-0.4,0,1.7,"s","roboczy",FALSE
"14",2016-12-01,2016-11-28,NA,233,NA,NA,NA,311,494,NA,NA,NA,NA,172,122,1.1,-1.9,0.6,0,15.3,"s","roboczy",FALSE
"15",2016-12-02,2016-11-28,NA,278,NA,NA,NA,375,553,NA,NA,NA,NA,185,138,4,0.7,2,0,0.8,"s","roboczy",FALSE
"16",2016-12-03,2016-11-28,NA,185,NA,NA,NA,165,298,NA,NA,NA,NA,72,55,1.8,-0.4,0.4,0,0.1,"s","weekend",TRUE
"17",2016-12-04,2016-11-28,NA,251,NA,NA,NA,183,291,NA,NA,NA,NA,93,78,0.9,-3.8,-2,0,0,"s","weekend",TRUE
"18",2016-12-05,2016-12-05,NA,382,NA,NA,NA,475,734,NA,NA,NA,NA,272,185,2.1,-8.4,-3.6,0,0,"s","roboczy",FALSE
"19",2016-12-06,2016-12-05,NA,361,NA,NA,NA,482,757,NA,NA,NA,NA,235,215,0.1,-2.9,-1.2,0,0.2,"s","roboczy",FALSE
"20",2016-12-07,2016-12-05,NA,405,NA,NA,NA,513,803,NA,NA,NA,NA,237,204,2.1,-2.5,-0.6,0,0,"s","roboczy",FALSE
"21",2016-12-08,2016-12-05,NA,436,NA,NA,NA,530,839,NA,NA,NA,NA,304,206,7,-3.8,3.6,0.3,0,"d","roboczy",FALSE
"22",2016-12-09,2016-12-05,NA,400,NA,NA,NA,498,812,NA,NA,NA,NA,291,227,7.1,3,5.7,0,0,"s","roboczy",FALSE
"23",2016-12-10,2016-12-05,NA,256,NA,NA,NA,199,385,NA,NA,NA,NA,94,134,10.7,5.2,8,0.1,0,"d","weekend",TRUE
"24",2016-12-11,2016-12-05,NA,178,NA,NA,NA,113,231,NA,NA,NA,NA,36,69,9.3,5.6,7,5.3,0,"d","weekend",TRUE
"25",2016-12-12,2016-12-12,NA,249,NA,NA,NA,361,612,NA,NA,NA,NA,127,162,5.7,-3,1.5,1,0,"d","roboczy",FALSE
"26",2016-12-13,2016-12-12,NA,336,NA,NA,NA,439,788,NA,NA,NA,NA,204,184,-1.2,-8.4,-4.8,0,0,"s","roboczy",FALSE
"27",2016-12-14,2016-12-12,NA,286,NA,NA,NA,413,697,NA,NA,NA,NA,186,169,0.5,-3.8,-0.5,0,0.2,"s","roboczy",FALSE
"28",2016-12-15,2016-12-12,NA,278,NA,NA,NA,403,705,NA,NA,NA,NA,208,184,1.9,0.3,0.9,0,0,"s","roboczy",FALSE
"29",2016-12-16,2016-12-12,NA,345,NA,NA,NA,429,755,NA,NA,NA,NA,182,190,1.9,-5.2,-2,0,0,"s","roboczy",FALSE
"30",2016-12-17,2016-12-12,NA,206,NA,NA,NA,153,338,NA,NA,NA,NA,88,106,2.3,-6.9,-2.9,0,0,"s","weekend",TRUE
"31",2016-12-18,2016-12-12,NA,104,NA,NA,NA,96,193,NA,NA,NA,NA,71,51,0.6,-3.2,-0.6,0,0.2,"s","weekend",TRUE
"32",2016-12-19,2016-12-19,NA,319,NA,NA,NA,396,738,NA,NA,NA,NA,233,181,1.7,-0.2,0.2,0,0,"s","roboczy",FALSE
"33",2016-12-20,2016-12-19,NA,372,NA,NA,NA,501,788,NA,NA,NA,NA,231,227,2.6,-2.4,-1.1,0,0,"s","roboczy",FALSE
"34",2016-12-21,2016-12-19,NA,303,NA,NA,NA,493,759,NA,NA,NA,NA,260,209,-0.2,-4.8,-3.1,0,0,"s","roboczy",FALSE
"35",2016-12-22,2016-12-19,NA,283,NA,NA,NA,417,702,NA,NA,NA,NA,251,178,0.8,-6.3,-3,0,0,"s","roboczy",FALSE
"36",2016-12-23,2016-12-19,NA,199,NA,NA,NA,302,456,NA,NA,NA,NA,146,125,-0.1,-5.1,-2.1,0,0,"s","roboczy",FALSE
"37",2016-12-24,2016-12-19,NA,51,NA,NA,NA,50,95,NA,NA,NA,NA,44,40,1.3,-3.2,-0.8,0,4,"s","weekend",TRUE
"38",2016-12-25,2016-12-19,NA,39,NA,NA,NA,15,43,NA,NA,NA,NA,8,14,4,0.4,3.1,5.4,0,"d","weekend",TRUE
"39",2016-12-26,2016-12-26,NA,82,NA,NA,NA,47,93,NA,NA,NA,NA,37,28,8,3.1,6.5,0.8,0,"d","roboczy",TRUE
"40",2016-12-27,2016-12-26,NA,130,NA,NA,NA,165,317,NA,NA,NA,NA,125,81,7.3,1.6,3,0,1.8,"s","roboczy",FALSE
"41",2016-12-28,2016-12-26,NA,258,NA,NA,NA,316,525,NA,NA,NA,NA,142,116,3.9,0.2,1.3,0,0,"s","roboczy",FALSE
"42",2016-12-29,2016-12-26,NA,284,NA,NA,NA,303,552,NA,NA,NA,NA,172,141,1.3,-2.1,-1,0,0,"s","roboczy",FALSE
"43",2016-12-30,2016-12-26,NA,262,NA,NA,NA,284,495,NA,NA,NA,NA,143,134,1,-6.9,-3.6,0,0,"s","roboczy",FALSE
"44",2016-12-31,2016-12-26,NA,134,NA,NA,NA,119,210,NA,NA,NA,NA,65,76,3.5,-8,-3.2,0,0,"s","weekend",TRUE
"45",2017-01-01,2016-12-26,NA,201,NA,NA,NA,80,172,NA,NA,NA,NA,74,50,4.7,-7.8,-3.7,0,0,"s","weekend",TRUE
"46",2017-01-02,2017-01-02,NA,262,NA,NA,NA,315,495,NA,NA,NA,NA,149,136,1.5,-8.5,-2.6,0,1.7,"s","roboczy",FALSE
"47",2017-01-03,2017-01-02,NA,136,NA,NA,NA,262,414,NA,NA,NA,NA,74,92,0.4,-4.8,-1.2,0,2,"s","roboczy",FALSE
"48",2017-01-04,2017-01-02,NA,0,NA,NA,NA,246,411,NA,NA,NA,NA,73,96,2.6,-0.7,0.9,0,0.8,"s","roboczy",FALSE
"49",2017-01-05,2017-01-02,NA,1,NA,NA,NA,230,369,NA,NA,NA,NA,43,103,0.9,-8.2,-4.5,0,0,"s","roboczy",FALSE
"50",2017-01-06,2017-01-02,NA,0,NA,NA,NA,50,60,NA,NA,NA,NA,24,14,-7.8,-16,-13.4,0,0.1,"s","roboczy",TRUE
"51",2017-01-07,2017-01-02,NA,0,NA,NA,NA,27,55,NA,NA,NA,NA,12,24,-15.2,-24.1,-19.4,0,0,"s","weekend",TRUE
"52",2017-01-08,2017-01-02,NA,0,NA,NA,NA,41,86,NA,NA,NA,NA,1,18,-9.9,-23.6,-17.3,0,0,"s","weekend",TRUE
"53",2017-01-09,2017-01-09,NA,4,NA,NA,NA,198,326,NA,NA,NA,NA,31,92,-7.2,-15.5,-10.8,0,0,"s","roboczy",FALSE
"54",2017-01-10,2017-01-09,NA,10,NA,NA,NA,224,387,NA,NA,NA,NA,38,95,-4.4,-12.2,-9.7,0,0,"s","roboczy",FALSE
"55",2017-01-11,2017-01-09,NA,6,NA,NA,NA,234,366,NA,NA,NA,NA,66,74,-5.6,-17.9,-12.6,0,0.8,"s","roboczy",FALSE
"56",2017-01-12,2017-01-09,NA,24,NA,NA,NA,245,394,NA,NA,NA,NA,89,99,2.3,-12.5,-0.8,0,0.2,"s","roboczy",FALSE
"57",2017-01-13,2017-01-09,NA,36,NA,NA,NA,317,479,NA,NA,NA,NA,157,115,5.7,-3.1,1.3,0,0,"s","roboczy",FALSE
"58",2017-01-14,2017-01-09,NA,29,NA,NA,NA,98,191,NA,NA,NA,NA,27,46,2.7,-0.8,0.3,0,0.4,"s","weekend",TRUE
"59",2017-01-15,2017-01-09,NA,34,NA,NA,NA,28,125,NA,NA,NA,NA,13,26,0,-5,-2.5,0,1.1,"s","weekend",TRUE
"60",2017-01-16,2017-01-16,NA,96,NA,NA,NA,288,514,NA,NA,NA,NA,107,117,-0.3,-8.9,-3.5,0,0,"s","roboczy",FALSE
"61",2017-01-17,2017-01-16,NA,118,NA,NA,NA,309,519,NA,NA,NA,NA,120,133,-2,-5.8,-4.6,0,0,"s","roboczy",FALSE
"62",2017-01-18,2017-01-16,NA,129,NA,NA,NA,270,445,NA,NA,NA,NA,123,89,-5.4,-8.1,-6.7,0,0,"s","roboczy",FALSE
"63",2017-01-19,2017-01-16,NA,112,NA,NA,NA,255,435,NA,NA,NA,NA,124,130,-5.7,-10.3,-7.7,0,0,"s","roboczy",FALSE
"64",2017-01-20,2017-01-16,NA,127,NA,NA,NA,279,407,NA,NA,NA,NA,96,82,-0.2,-13.6,-4.4,0,0,"s","roboczy",FALSE
"65",2017-01-21,2017-01-16,NA,57,NA,NA,NA,94,192,NA,NA,NA,NA,48,42,1.2,-1.9,-0.2,0,0,"s","weekend",TRUE
"66",2017-01-22,2017-01-16,NA,99,NA,NA,NA,97,148,NA,NA,NA,NA,23,51,2,-3.3,-0.8,0,0,"s","weekend",TRUE
"67",2017-01-23,2017-01-23,NA,172,NA,NA,NA,317,484,NA,NA,NA,NA,104,135,2.4,-8.7,-5,0,0,"s","roboczy",FALSE
"68",2017-01-24,2017-01-23,NA,159,NA,NA,NA,309,449,NA,NA,NA,NA,128,124,-3.9,-9.7,-5.6,0,0.1,"s","roboczy",FALSE
"69",2017-01-25,2017-01-23,NA,174,NA,NA,NA,342,501,NA,NA,NA,NA,102,139,-1.5,-4.8,-2.9,0,0,"s","roboczy",FALSE
"70",2017-01-26,2017-01-23,NA,161,NA,NA,NA,291,479,NA,NA,NA,NA,122,111,-1.6,-5.8,-3.8,0,0,"s","roboczy",FALSE
"71",2017-01-27,2017-01-23,NA,181,NA,NA,NA,319,447,NA,NA,NA,NA,161,111,1.5,-13.4,-7.4,0,0,"s","roboczy",FALSE
"72",2017-01-28,2017-01-23,NA,76,NA,NA,NA,76,173,NA,NA,NA,NA,26,52,-1.2,-12.8,-8,0,0,"s","weekend",TRUE
"73",2017-01-29,2017-01-23,NA,55,NA,NA,NA,70,125,NA,NA,NA,NA,49,33,-0.1,-13.1,-7.9,0,0,"s","weekend",TRUE
"74",2017-01-30,2017-01-30,NA,146,NA,NA,NA,254,331,NA,NA,NA,NA,127,91,1.9,-13.1,-7.2,0,0,"s","roboczy",FALSE
"75",2017-01-31,2017-01-30,NA,157,NA,NA,NA,274,373,NA,NA,NA,NA,103,116,1.6,-11.8,-5,0,0,"s","roboczy",FALSE
"76",2017-02-01,2017-01-30,NA,161,NA,NA,NA,288,395,NA,NA,NA,NA,94,100,1.1,-5.8,-1.8,0,5,"s","roboczy",FALSE
"77",2017-02-02,2017-01-30,NA,121,NA,NA,NA,235,353,NA,NA,NA,NA,100,117,3.2,-1.5,0.2,1.5,0,"d","roboczy",FALSE
"78",2017-02-03,2017-01-30,NA,113,NA,NA,NA,252,374,NA,NA,NA,NA,109,86,4.2,-1.9,1.2,0,0,"s","roboczy",FALSE
"79",2017-02-04,2017-01-30,NA,54,NA,NA,NA,74,156,NA,NA,NA,NA,37,51,1.7,-0.1,0.3,0.5,0,"d","weekend",TRUE
"80",2017-02-05,2017-01-30,NA,48,NA,NA,NA,46,112,NA,NA,NA,NA,22,24,2,0,0.7,0,2,"s","weekend",TRUE
"81",2017-02-06,2017-02-06,NA,169,NA,NA,NA,310,423,NA,NA,NA,NA,110,113,1.7,-1.5,-0.7,0,0.2,"s","roboczy",FALSE
"82",2017-02-07,2017-02-06,NA,155,NA,NA,NA,262,406,NA,NA,NA,NA,132,115,-1.3,-5.5,-4,0,0,"s","roboczy",FALSE
"83",2017-02-08,2017-02-06,NA,153,NA,NA,NA,283,406,NA,NA,NA,NA,125,115,-5.4,-8.3,-7.4,0,0,"s","roboczy",FALSE
"84",2017-02-09,2017-02-06,NA,135,NA,NA,NA,250,383,NA,NA,NA,NA,147,106,-5.3,-7.8,-6.6,0,0,"s","roboczy",FALSE
"85",2017-02-10,2017-02-06,NA,158,NA,NA,NA,274,405,NA,NA,NA,NA,119,111,-0.7,-5.8,-4.1,0,0,"s","roboczy",FALSE
"86",2017-02-11,2017-02-06,NA,117,NA,NA,NA,98,169,NA,NA,NA,NA,43,40,-3.4,-10,-6.9,0,0,"s","weekend",TRUE
"87",2017-02-12,2017-02-06,NA,114,NA,NA,NA,109,157,NA,NA,NA,NA,27,50,-2.7,-10.2,-6.8,0,0,"s","weekend",TRUE
"88",2017-02-13,2017-02-13,NA,167,NA,NA,NA,274,368,NA,NA,NA,NA,136,129,-4.7,-7.5,-7,0,0,"s","roboczy",FALSE
"89",2017-02-14,2017-02-13,NA,225,NA,NA,NA,318,449,NA,NA,NA,NA,131,141,4.1,-9.3,-3.5,0,0,"s","roboczy",FALSE
"90",2017-02-15,2017-02-13,NA,283,NA,NA,NA,371,526,NA,NA,NA,NA,167,170,9.8,-6.5,0.3,0,0,"s","roboczy",FALSE
"91",2017-02-16,2017-02-13,NA,373,NA,NA,NA,367,569,NA,NA,NA,NA,179,166,10.5,-5.5,1.6,0,0,"s","roboczy",FALSE
"92",2017-02-17,2017-02-13,NA,207,NA,NA,NA,315,411,NA,NA,NA,NA,153,106,6.9,-2.7,0.9,0,2.3,"s","roboczy",FALSE
"93",2017-02-18,2017-02-13,NA,97,NA,NA,NA,94,175,NA,NA,NA,NA,46,42,3.8,0.4,1.8,0.8,0,"d","weekend",TRUE
"94",2017-02-19,2017-02-13,NA,146,NA,NA,NA,121,189,NA,NA,NA,NA,54,88,4.6,0.9,2,0,0,"s","weekend",TRUE
"95",2017-02-20,2017-02-20,NA,452,NA,NA,NA,541,692,NA,NA,NA,NA,184,217,6.9,-4.2,1.7,3.7,0,"d","roboczy",FALSE
"96",2017-02-21,2017-02-20,NA,200,NA,NA,NA,287,449,NA,NA,NA,NA,112,123,8.5,3.6,5.2,7.7,0,"d","roboczy",FALSE
"97",2017-02-22,2017-02-20,NA,254,NA,NA,NA,400,571,NA,NA,NA,NA,139,154,9.9,1,6.1,5.4,0,"d","roboczy",FALSE
"98",2017-02-23,2017-02-20,NA,218,NA,NA,NA,360,512,NA,NA,NA,NA,133,150,9.9,4.1,6.1,0.7,0,"d","roboczy",FALSE
"99",2017-02-24,2017-02-20,NA,238,NA,NA,NA,384,547,NA,NA,NA,NA,130,146,12.1,1.8,6,0,0.1,"s","roboczy",FALSE
"100",2017-02-25,2017-02-20,NA,252,NA,NA,NA,171,278,NA,NA,NA,NA,63,90,4.5,-3.2,-0.1,0,0.1,"s","weekend",TRUE
"101",2017-02-26,2017-02-20,NA,301,NA,NA,NA,179,290,NA,NA,NA,NA,78,101,7.6,-3.1,2.8,0,0,"s","weekend",TRUE
"102",2017-02-27,2017-02-27,NA,974,NA,NA,NA,802,1199,NA,NA,NA,NA,248,328,16.6,0.4,8,0,0,"s","roboczy",FALSE
"103",2017-02-28,2017-02-27,NA,777,NA,NA,NA,825,1224,NA,NA,NA,NA,299,384,13.4,-0.1,7.9,1,0,"d","roboczy",FALSE
"104",2017-03-01,2017-02-27,NA,458,NA,NA,NA,552,947,NA,NA,NA,NA,185,220,11.7,3.2,6.4,0,0,"s","roboczy",FALSE
"105",2017-03-02,2017-02-27,NA,633,NA,NA,NA,702,1083,NA,NA,NA,NA,264,296,12.1,-2.1,5.5,0.2,0,"d","roboczy",FALSE
"106",2017-03-03,2017-02-27,NA,679,NA,NA,NA,690,1129,NA,NA,NA,NA,195,322,10.9,2,5.4,0.1,0,"d","roboczy",FALSE
"107",2017-03-04,2017-02-27,NA,1611,NA,NA,NA,660,1013,NA,NA,NA,NA,184,380,16.5,-1.4,8.4,0,0,"s","weekend",TRUE
"108",2017-03-05,2017-02-27,NA,1930,NA,NA,NA,726,1046,NA,NA,NA,NA,153,374,16,7.5,12.6,8.3,0,"d","weekend",TRUE
"109",2017-03-06,2017-03-06,NA,364,NA,NA,NA,456,786,NA,NA,NA,NA,161,189,12.4,5,6.2,0.5,0,"d","roboczy",FALSE
"110",2017-03-07,2017-03-06,NA,681,NA,NA,NA,760,1160,NA,NA,NA,NA,220,311,9.7,-0.4,4.1,1.6,0,"d","roboczy",FALSE
"111",2017-03-08,2017-03-06,NA,577,NA,NA,NA,726,1139,NA,NA,NA,NA,209,277,6.5,2.4,3.5,0,0,"s","roboczy",FALSE
"112",2017-03-09,2017-03-06,NA,383,NA,NA,NA,556,897,NA,NA,NA,NA,230,217,6,-2.1,2.3,0.4,0,"d","roboczy",FALSE
"113",2017-03-10,2017-03-06,NA,513,NA,NA,NA,611,961,NA,NA,NA,NA,312,254,7.6,-1.3,3.6,0,0,"s","roboczy",FALSE
"114",2017-03-11,2017-03-06,NA,711,NA,NA,NA,410,668,NA,NA,NA,NA,99,244,8.2,2.1,4.5,0,0,"s","weekend",TRUE
"115",2017-03-12,2017-03-06,NA,275,NA,NA,NA,178,346,NA,NA,NA,NA,54,85,5.6,1.5,3.6,0.1,0,"d","weekend",TRUE
"116",2017-03-13,2017-03-13,NA,539,NA,NA,NA,705,1056,NA,NA,NA,NA,278,286,5.7,1.5,3.7,0,0,"s","roboczy",FALSE
"117",2017-03-14,2017-03-13,NA,688,NA,NA,NA,789,1324,NA,NA,NA,NA,320,368,8.9,0.2,4,0,0,"s","roboczy",FALSE
"118",2017-03-15,2017-03-13,NA,676,NA,NA,NA,803,1220,NA,NA,NA,NA,286,311,12.2,-1.7,4.8,0,0,"s","roboczy",FALSE
"119",2017-03-16,2017-03-13,NA,690,NA,NA,NA,851,1293,NA,NA,NA,NA,282,384,10.5,-1.1,4.9,0,0,"s","roboczy",FALSE
"120",2017-03-17,2017-03-13,NA,958,NA,NA,NA,886,1390,NA,NA,NA,NA,316,428,13.3,-3.3,5.9,2.1,0,"d","roboczy",FALSE
"121",2017-03-18,2017-03-13,NA,129,NA,NA,NA,148,233,NA,NA,NA,NA,52,87,9.7,1.5,5,0,5.8,"s","weekend",TRUE
"122",2017-03-19,2017-03-13,NA,602,NA,NA,NA,340,548,NA,NA,NA,NA,98,161,8.2,1,4,5.9,0,"d","weekend",TRUE
"123",2017-03-20,2017-03-20,NA,600,NA,NA,NA,678,1112,NA,NA,NA,NA,235,258,12.2,2.7,8.6,0,0,"s","roboczy",FALSE
"124",2017-03-21,2017-03-20,NA,1360,NA,NA,NA,1224,1883,NA,NA,NA,NA,388,558,14.9,3.5,9.2,2.4,0,"d","roboczy",FALSE
"125",2017-03-22,2017-03-20,NA,245,NA,NA,NA,302,502,NA,NA,NA,NA,124,106,10.2,4.3,6,10.6,0,"d","roboczy",FALSE
"126",2017-03-23,2017-03-20,NA,507,NA,NA,NA,682,1041,NA,NA,NA,NA,210,245,7.4,4.1,5.7,0,0,"s","roboczy",FALSE
"127",2017-03-24,2017-03-20,NA,607,NA,NA,NA,807,1160,NA,NA,NA,NA,268,300,7.9,5.5,6.2,0,0,"s","roboczy",FALSE
"128",2017-03-25,2017-03-20,NA,1066,NA,NA,NA,555,821,NA,NA,NA,NA,164,319,11.3,-2.8,4.8,0,0,"s","weekend",TRUE
"129",2017-03-26,2017-03-20,NA,750,NA,NA,NA,331,593,NA,NA,NA,NA,115,195,7.2,0.4,2.9,0,0,"s","weekend",TRUE
"130",2017-03-27,2017-03-27,NA,1364,NA,NA,NA,1207,1778,NA,NA,NA,NA,361,575,14.9,-2.5,6.6,0,0,"s","roboczy",FALSE
"131",2017-03-28,2017-03-27,NA,2183,NA,NA,NA,1781,2382,NA,NA,NA,NA,482,711,19.7,1.5,10.3,0,0,"s","roboczy",FALSE
"132",2017-03-29,2017-03-27,NA,1382,NA,NA,NA,1481,2168,NA,NA,NA,NA,435,647,19.9,2.7,11.3,0.2,0,"d","roboczy",FALSE
"133",2017-03-30,2017-03-27,NA,1122,NA,NA,NA,1140,1753,NA,NA,NA,NA,399,495,14.7,8.1,10.2,0,0,"s","roboczy",FALSE
"134",2017-03-31,2017-03-27,NA,2220,NA,NA,NA,1666,2498,NA,NA,NA,NA,496,752,20.4,2.3,11.6,0,0,"s","roboczy",FALSE
"135",2017-04-01,2017-03-27,NA,3701,NA,NA,NA,1563,2027,NA,NA,NA,NA,335,789,22.7,3.5,13.1,0,0,"s","weekend",TRUE
"136",2017-04-02,2017-03-27,NA,4262,NA,NA,NA,1620,2177,NA,NA,NA,NA,357,930,24.1,4.3,14.8,0,0,"s","weekend",TRUE
"137",2017-04-03,2017-04-03,NA,1542,NA,NA,NA,1644,2511,NA,NA,NA,NA,510,748,17.4,6.7,12,0,0,"s","roboczy",FALSE
"138",2017-04-04,2017-04-03,NA,2013,NA,NA,NA,1871,2791,NA,NA,NA,NA,562,826,19.4,6.7,13.1,0,0,"s","roboczy",FALSE
"139",2017-04-05,2017-04-03,NA,1313,NA,NA,NA,1337,2002,NA,NA,NA,NA,447,618,18.3,5.3,11.2,5.6,0,"d","roboczy",FALSE
"140",2017-04-06,2017-04-03,NA,521,NA,NA,NA,688,1093,NA,NA,NA,NA,279,285,11,4.2,5.7,3.6,0,"d","roboczy",FALSE
"141",2017-04-07,2017-04-03,NA,360,NA,NA,NA,497,730,NA,NA,NA,NA,198,206,8,1.1,5.1,2.3,0,"d","roboczy",FALSE
"142",2017-04-08,2017-04-03,NA,1058,NA,NA,NA,562,956,NA,NA,NA,NA,181,319,14,7.2,9.8,0,0,"s","weekend",TRUE
"143",2017-04-09,2017-04-03,NA,2812,NA,NA,NA,1142,1557,NA,NA,NA,NA,265,618,15.1,2.8,8.6,0,0,"s","weekend",TRUE
"144",2017-04-10,2017-04-10,NA,2830,NA,NA,NA,2195,3119,NA,NA,NA,NA,628,1089,20,2.3,11.7,1.2,0,"d","roboczy",FALSE
"145",2017-04-11,2017-04-10,NA,739,NA,NA,NA,832,1432,NA,NA,NA,NA,315,411,15.8,6,8.2,0,0,"s","roboczy",FALSE
"146",2017-04-12,2017-04-10,NA,1077,NA,NA,NA,1263,1966,NA,NA,NA,NA,390,528,12.1,3.3,7.8,2,0,"d","roboczy",FALSE
"147",2017-04-13,2017-04-10,NA,548,NA,NA,NA,662,1083,NA,NA,NA,NA,238,322,11.2,6.9,8.5,0.8,0,"d","roboczy",FALSE
"148",2017-04-14,2017-04-10,NA,705,NA,NA,NA,674,1076,NA,NA,NA,NA,236,353,11.9,4.5,7.3,0,0,"s","roboczy",FALSE
"149",2017-04-15,2017-04-10,NA,579,NA,NA,NA,266,436,NA,NA,NA,NA,78,181,14,1.6,8.2,2.5,0,"d","weekend",TRUE
"150",2017-04-16,2017-04-10,NA,333,NA,NA,NA,147,226,NA,NA,NA,NA,46,79,11,3.7,6.3,2,0,"d","weekend",TRUE
"151",2017-04-17,2017-04-17,NA,412,NA,NA,NA,173,302,NA,NA,NA,NA,53,134,9.4,2.6,5.5,0,9.1,"s","roboczy",TRUE
"152",2017-04-18,2017-04-17,NA,165,NA,NA,NA,226,360,NA,NA,NA,NA,87,109,5.3,0.5,2.1,0,9.1,"s","roboczy",FALSE
"153",2017-04-19,2017-04-17,NA,272,NA,NA,NA,387,611,NA,NA,NA,NA,135,161,5.1,0.3,2.4,0,3.6,"s","roboczy",FALSE
"154",2017-04-20,2017-04-17,NA,478,NA,NA,NA,610,1030,NA,NA,NA,NA,266,245,4.5,0.9,2.2,0,0,"s","roboczy",FALSE
"155",2017-04-21,2017-04-17,NA,764,NA,NA,NA,822,1295,NA,NA,NA,NA,326,348,9.5,-1.9,4.9,0.5,0,"d","roboczy",FALSE
"156",2017-04-22,2017-04-17,NA,584,NA,NA,NA,387,584,NA,NA,NA,NA,117,174,11,5,6.9,0.6,0,"d","weekend",TRUE
"157",2017-04-23,2017-04-17,NA,492,NA,NA,NA,291,577,NA,NA,NA,NA,134,164,9.3,0.5,4.6,0,0.3,"s","weekend",TRUE
"158",2017-04-24,2017-04-24,NA,1092,NA,NA,NA,1192,1769,NA,NA,NA,NA,362,475,10.7,1.4,5.8,0,0,"s","roboczy",FALSE
"159",2017-04-25,2017-04-24,NA,1391,NA,NA,NA,1446,2200,NA,NA,NA,NA,471,655,19.6,-0.3,10.2,3.4,0,"d","roboczy",FALSE
"160",2017-04-26,2017-04-24,NA,440,NA,NA,NA,614,954,NA,NA,NA,NA,220,249,12,5.3,6.3,8.3,0,"d","roboczy",FALSE
"161",2017-04-27,2017-04-24,NA,258,NA,NA,NA,340,527,NA,NA,NA,NA,131,150,5.8,4.1,4.7,18.5,0,"d","roboczy",FALSE
"162",2017-04-28,2017-04-24,NA,234,NA,NA,NA,300,510,NA,NA,NA,NA,132,145,7.8,4.4,5.5,18.1,0,"d","roboczy",FALSE
"163",2017-04-29,2017-04-24,NA,686,NA,NA,NA,430,625,NA,NA,NA,NA,121,250,10.7,3.6,6.6,0.2,0,"d","weekend",TRUE
"164",2017-04-30,2017-04-24,NA,784,NA,NA,NA,503,677,NA,NA,NA,NA,104,305,12.1,2.1,6.9,0.3,0,"d","weekend",TRUE
"165",2017-05-01,2017-05-01,NA,1932,NA,NA,NA,941,1135,NA,NA,NA,NA,198,552,13.2,1.4,8,0,0,"s","roboczy",TRUE
"166",2017-05-02,2017-05-01,NA,691,NA,NA,NA,533,758,NA,NA,NA,NA,175,312,13.8,4.4,9.4,2.9,0,"d","roboczy",FALSE
"167",2017-05-03,2017-05-01,NA,1494,NA,NA,NA,622,957,NA,NA,NA,NA,144,419,13.2,8.9,10.8,6.4,0,"d","roboczy",TRUE
"168",2017-05-04,2017-05-01,NA,760,NA,NA,NA,775,1163,NA,NA,NA,NA,295,382,14.7,9.8,11.4,4.5,0,"d","roboczy",FALSE
"169",2017-05-05,2017-05-01,NA,1719,NA,NA,NA,1312,1812,NA,NA,NA,NA,411,681,18.3,6.6,12.8,4.8,0,"d","roboczy",FALSE
"170",2017-05-06,2017-05-01,NA,1131,NA,NA,NA,657,1058,NA,NA,NA,NA,211,418,16.1,13,14,1.7,0,"d","weekend",TRUE
"171",2017-05-07,2017-05-01,NA,1900,NA,NA,NA,693,1026,NA,NA,NA,NA,228,416,16.4,11.2,12.7,0.1,0,"d","weekend",TRUE
"172",2017-05-08,2017-05-08,NA,978,NA,NA,NA,985,1593,NA,NA,NA,NA,351,452,14.5,7.6,10,0.1,0,"d","roboczy",FALSE
"173",2017-05-09,2017-05-08,NA,1074,NA,NA,NA,1190,1785,NA,NA,NA,NA,409,539,9.6,2.9,4.8,0,0.2,"s","roboczy",FALSE
"174",2017-05-10,2017-05-08,NA,1203,NA,NA,NA,1268,1920,NA,NA,NA,NA,421,563,10.3,-1.6,4.8,0,0,"s","roboczy",FALSE
"175",2017-05-11,2017-05-08,NA,2838,NA,NA,NA,2106,3031,NA,NA,NA,NA,624,994,20.4,0.7,11.8,0.9,0,"d","roboczy",FALSE
"176",2017-05-12,2017-05-08,NA,966,NA,NA,NA,904,1367,NA,NA,NA,NA,313,458,18,7,12.6,0.7,0,"d","roboczy",FALSE
"177",2017-05-13,2017-05-08,NA,594,NA,NA,NA,460,738,NA,NA,NA,NA,149,186,15.1,12,12.6,0,0,"s","weekend",TRUE
"178",2017-05-14,2017-05-08,NA,4706,NA,NA,NA,1952,2341,NA,NA,NA,NA,440,1063,20,6.7,14.3,0,0,"s","weekend",TRUE
"179",2017-05-15,2017-05-15,NA,2272,NA,NA,NA,2275,3234,NA,NA,NA,NA,698,1024,20.8,6.9,14.7,1.3,0,"d","roboczy",FALSE
"180",2017-05-16,2017-05-15,NA,1794,NA,NA,NA,1732,2673,NA,NA,NA,NA,605,772,17.6,9.9,13.3,4.1,0,"d","roboczy",FALSE
"181",2017-05-17,2017-05-15,NA,3468,NA,NA,NA,3152,4157,NA,NA,NA,NA,909,1264,21.2,7.4,14.6,0,0,"s","roboczy",FALSE
"182",2017-05-18,2017-05-15,NA,3615,NA,NA,NA,3181,4402,NA,NA,NA,NA,1019,1348,23.6,7.6,16.8,0,0,"s","roboczy",FALSE
"183",2017-05-19,2017-05-15,NA,3477,NA,NA,NA,3218,4003,NA,NA,NA,NA,914,1368,26,9.3,18.7,0,0,"s","roboczy",FALSE
"184",2017-05-20,2017-05-15,NA,2413,NA,NA,NA,1493,1919,NA,NA,NA,NA,417,742,23.1,11.3,16.5,0.1,0,"d","weekend",TRUE
"185",2017-05-21,2017-05-15,NA,1553,NA,NA,NA,913,1302,NA,NA,NA,NA,274,462,19.8,11.9,15.1,0,0,"s","weekend",TRUE
"186",2017-05-22,2017-05-22,NA,3073,NA,NA,NA,2991,3997,NA,NA,NA,NA,998,1273,21.9,13.2,16.9,0,0,"s","roboczy",FALSE
"187",2017-05-23,2017-05-22,NA,1984,NA,NA,NA,2292,3137,NA,NA,NA,NA,810,1055,24.1,11.6,16.5,13.6,0,"d","roboczy",FALSE
"188",2017-05-24,2017-05-22,NA,938,NA,NA,NA,1284,1848,NA,NA,NA,NA,467,588,15.8,11.6,12.8,3.9,0,"d","roboczy",FALSE
"189",2017-05-25,2017-05-22,NA,1283,NA,NA,NA,1334,2029,NA,NA,NA,NA,480,552,17.1,9.8,12.8,2,0,"d","roboczy",FALSE
"190",2017-05-26,2017-05-22,NA,2069,NA,NA,NA,2139,3025,NA,NA,NA,NA,741,919,19.5,9.2,14.9,0.5,0,"d","roboczy",FALSE
"191",2017-05-27,2017-05-22,NA,3156,NA,NA,NA,1767,2143,NA,NA,NA,NA,474,928,20.1,8.6,15.5,0,0,"s","weekend",TRUE
"192",2017-05-28,2017-05-22,NA,5172,NA,NA,NA,2446,2775,NA,NA,NA,NA,555,1279,24.7,7.8,17,0,0,"s","weekend",TRUE
"193",2017-05-29,2017-05-29,NA,3602,NA,NA,NA,3376,4430,NA,NA,NA,NA,1121,1510,26.2,10,19.2,0,0,"s","roboczy",FALSE
"194",2017-05-30,2017-05-29,NA,2280,NA,NA,NA,2665,3709,NA,NA,NA,NA,1026,1152,29.9,14.3,21.2,5,0,"d","roboczy",FALSE
"195",2017-05-31,2017-05-29,NA,2764,NA,NA,NA,2829,3651,NA,NA,NA,NA,973,1178,24.5,16.5,19.5,0.1,0,"d","roboczy",FALSE
"196",2017-06-01,2017-05-29,NA,3623,NA,NA,NA,3415,4631,NA,NA,NA,NA,1115,1460,22.2,11.7,17.1,0,0,"s","roboczy",FALSE
"197",2017-06-02,2017-05-29,NA,3494,NA,NA,NA,3263,4399,NA,NA,NA,NA,1041,1333,24.4,6.8,16.7,0,0,"s","roboczy",FALSE
"198",2017-06-03,2017-05-29,NA,4020,NA,NA,NA,2255,2802,NA,NA,NA,NA,593,1115,24.4,8.3,17.3,0,0,"s","weekend",TRUE
"199",2017-06-04,2017-05-29,NA,2961,NA,NA,NA,1513,1905,NA,NA,NA,NA,338,799,28.9,10.6,19.6,7.4,0,"d","weekend",TRUE
"200",2017-06-05,2017-06-05,NA,2552,NA,NA,NA,2835,3894,NA,NA,NA,NA,992,1131,22.7,14.6,18,0,0,"s","roboczy",FALSE
"201",2017-06-06,2017-06-05,NA,2579,NA,NA,NA,3098,4227,NA,NA,NA,NA,1052,1322,28.4,13.6,21.3,6.5,0,"d","roboczy",FALSE
"202",2017-06-07,2017-06-05,NA,2728,NA,NA,NA,3087,4213,NA,NA,NA,NA,1099,1245,26,12.7,16.9,0,0,"s","roboczy",FALSE
"203",2017-06-08,2017-06-05,NA,3125,NA,NA,NA,3460,4522,NA,NA,NA,NA,1024,1553,21.5,10.8,16.1,0,0,"s","roboczy",FALSE
"204",2017-06-09,2017-06-05,NA,3109,NA,NA,NA,3370,4310,NA,NA,NA,NA,1026,1431,24.5,8.2,17.6,0,0,"s","roboczy",FALSE
"205",2017-06-10,2017-06-05,NA,1084,NA,NA,NA,913,1301,NA,NA,NA,NA,379,492,23.3,12.2,15.8,0.3,0,"d","weekend",TRUE
"206",2017-06-11,2017-06-05,NA,4043,NA,NA,NA,2305,2690,NA,NA,NA,NA,522,1096,23.9,10.1,17.5,0,0,"s","weekend",TRUE
"207",2017-06-12,2017-06-12,NA,1963,NA,NA,NA,2450,3391,NA,NA,NA,NA,987,1287,27.3,9.6,19.1,1.3,0,"d","roboczy",FALSE
"208",2017-06-13,2017-06-12,NA,2179,NA,NA,NA,3091,4329,NA,NA,NA,NA,1158,1370,22.2,13.4,17.4,0,0,"s","roboczy",FALSE
"209",2017-06-14,2017-06-12,NA,1931,NA,NA,NA,2610,3686,NA,NA,NA,NA,913,1166,20.1,13.1,15.9,0,0,"s","roboczy",FALSE
"210",2017-06-15,2017-06-12,NA,4658,NA,NA,NA,2363,2662,NA,NA,NA,NA,606,1311,23.2,7.1,16.2,0,0,"s","roboczy",TRUE
"211",2017-06-16,2017-06-12,NA,948,NA,NA,NA,1089,1484,NA,NA,NA,NA,463,628,23.2,9.4,15.8,3.1,0,"d","roboczy",FALSE
"212",2017-06-17,2017-06-12,NA,454,NA,NA,NA,449,661,NA,NA,NA,NA,181,221,16.2,12.2,12.9,1,0,"d","weekend",TRUE
"213",2017-06-18,2017-06-12,NA,2936,NA,NA,NA,1607,2024,NA,NA,NA,NA,447,860,23.1,12.2,17.6,0,0,"s","weekend",TRUE
"214",2017-06-19,2017-06-19,NA,2835,NA,NA,NA,3338,4546,NA,NA,NA,NA,1131,1529,27.1,11.4,19.8,0,0,"s","roboczy",FALSE
"215",2017-06-20,2017-06-19,NA,3559,NA,NA,NA,3749,4995,NA,NA,NA,NA,1005,1572,30,13.5,22.6,0,0,"s","roboczy",FALSE
"216",2017-06-21,2017-06-19,NA,3146,NA,NA,NA,3835,5047,NA,NA,NA,NA,991,1605,26,18,20.9,0,0,"s","roboczy",FALSE
"217",2017-06-22,2017-06-19,NA,3179,NA,NA,NA,3619,4956,NA,NA,NA,NA,1003,1593,27.9,10.3,20.1,1,0,"d","roboczy",FALSE
"218",2017-06-23,2017-06-19,NA,1283,NA,NA,NA,1838,2746,NA,NA,NA,NA,699,790,24.5,16.4,18.8,5.6,0,"d","roboczy",FALSE
"219",2017-06-24,2017-06-19,NA,3032,NA,NA,NA,1858,2827,NA,NA,NA,NA,544,984,26.9,15.5,21.3,0,0,"s","weekend",TRUE
"220",2017-06-25,2017-06-19,NA,3500,NA,NA,NA,2175,2691,NA,NA,NA,NA,537,1013,28.6,13.6,22.1,0,0,"s","weekend",TRUE
"221",2017-06-26,2017-06-26,NA,2088,NA,NA,NA,3346,4422,NA,NA,NA,NA,881,1469,26.5,18.3,21.7,0,0,"s","roboczy",FALSE
"222",2017-06-27,2017-06-26,NA,2941,NA,NA,NA,3738,4737,NA,NA,NA,NA,943,1509,26.1,16.6,21.6,0,0,"s","roboczy",FALSE
"223",2017-06-28,2017-06-26,NA,2130,NA,NA,NA,3370,4325,NA,NA,NA,NA,903,1398,33.2,17.1,25.3,2.8,0,"d","roboczy",FALSE
"224",2017-06-29,2017-06-26,NA,2092,NA,NA,NA,2881,3989,NA,NA,NA,NA,699,1239,29,18,21.5,0.6,0,"d","roboczy",FALSE
"225",2017-06-30,2017-06-26,NA,2272,NA,NA,NA,3222,4130,NA,NA,NA,NA,834,1307,25.3,12.5,20.1,0.4,0,"d","roboczy",FALSE
"226",2017-07-01,2017-06-26,NA,1718,NA,NA,NA,1238,1560,NA,NA,NA,NA,526,627,24.2,14.1,17.9,0,0,"s","weekend",TRUE
"227",2017-07-02,2017-06-26,NA,1239,NA,NA,NA,939,1268,NA,NA,NA,NA,392,468,20.4,13.8,17,1.1,0,"d","weekend",TRUE
"228",2017-07-03,2017-07-03,NA,2664,NA,NA,NA,3146,4117,NA,NA,NA,NA,1122,1385,21.4,13.5,16.7,0,0,"s","roboczy",FALSE
"229",2017-07-04,2017-07-03,NA,3016,NA,NA,NA,3194,4267,NA,NA,NA,NA,981,1410,23.1,8.2,16.2,0,0,"s","roboczy",FALSE
"230",2017-07-05,2017-07-03,NA,2375,NA,NA,NA,2901,3910,NA,NA,NA,NA,952,1320,25.7,9.4,17.5,7.6,0,"d","roboczy",FALSE
"231",2017-07-06,2017-07-03,NA,3139,NA,NA,NA,3113,4247,NA,NA,NA,NA,1092,1337,22.9,12.1,17.2,0,0,"s","roboczy",FALSE
"232",2017-07-07,2017-07-03,NA,1861,NA,NA,NA,2347,3327,NA,NA,NA,NA,921,1063,22.5,8.8,17,1,0,"d","roboczy",FALSE
"233",2017-07-08,2017-07-03,NA,1521,NA,NA,NA,955,1393,NA,NA,NA,NA,496,551,25.3,14.3,19.5,5.1,0,"d","weekend",TRUE
"234",2017-07-09,2017-07-03,NA,4059,NA,NA,NA,2194,2554,NA,NA,NA,NA,571,1062,27.4,11.6,20.5,0,0,"s","weekend",TRUE
"235",2017-07-10,2017-07-10,NA,2430,NA,NA,NA,2771,3689,NA,NA,NA,NA,951,1155,28.1,15.3,21.6,7.5,0,"d","roboczy",FALSE
"236",2017-07-11,2017-07-10,NA,1759,NA,NA,NA,2139,2968,NA,NA,NA,NA,654,906,26.5,17.1,20.1,2.2,0,"d","roboczy",FALSE
"237",2017-07-12,2017-07-10,NA,3388,NA,NA,NA,3589,4607,NA,NA,NA,NA,1026,1455,27,14.1,20.8,2.5,0,"d","roboczy",FALSE
"238",2017-07-13,2017-07-10,NA,1442,NA,NA,NA,1520,2162,NA,NA,NA,NA,599,730,23.8,13.3,15.9,0.3,0,"d","roboczy",FALSE
"239",2017-07-14,2017-07-10,NA,2760,NA,NA,NA,2850,3732,NA,NA,NA,NA,1021,1246,21.5,8.1,15.8,2.5,0,"d","roboczy",FALSE
"240",2017-07-15,2017-07-10,NA,1597,NA,NA,NA,996,1332,NA,NA,NA,NA,355,470,19.7,12.3,15.2,0,0,"s","weekend",TRUE
"241",2017-07-16,2017-07-10,NA,4445,NA,NA,NA,2119,2477,NA,NA,NA,NA,492,1051,23.5,9.2,17,0,0,"s","weekend",TRUE
"242",2017-07-17,2017-07-17,NA,2489,NA,NA,NA,2868,3801,NA,NA,NA,NA,1037,1318,24.8,10.9,18.1,0,0,"s","roboczy",FALSE
"243",2017-07-18,2017-07-17,NA,3990,NA,NA,NA,3908,4717,NA,NA,NA,NA,1043,1556,27.7,12.7,20.5,0,0,"s","roboczy",FALSE
"244",2017-07-19,2017-07-17,NA,3686,NA,NA,NA,3738,4555,NA,NA,NA,NA,904,1497,29.8,15.5,22.7,0,0,"s","roboczy",FALSE
"245",2017-07-20,2017-07-17,NA,3790,NA,NA,NA,4182,4567,NA,NA,NA,NA,915,1529,32.4,14.6,23.9,0,0,"s","roboczy",FALSE
"246",2017-07-21,2017-07-17,NA,2074,NA,NA,NA,2435,3026,NA,NA,NA,NA,588,924,25.4,17.8,20,14.2,0,"d","roboczy",FALSE
"247",2017-07-22,2017-07-17,NA,3148,NA,NA,NA,1827,2209,NA,NA,NA,NA,405,885,28.6,14.7,22.1,3.6,0,"d","weekend",TRUE
"248",2017-07-23,2017-07-17,NA,2327,NA,NA,NA,1439,1768,NA,NA,NA,NA,260,682,28.3,17,20.7,1.6,0,"d","weekend",TRUE
"249",2017-07-24,2017-07-24,NA,2706,NA,NA,NA,3104,4031,NA,NA,NA,NA,917,1318,27.2,13.7,20.7,0.8,0,"d","roboczy",FALSE
"250",2017-07-25,2017-07-24,NA,1834,NA,NA,NA,2488,3178,NA,NA,NA,NA,829,1041,23.1,15.7,17.1,0.1,0,"d","roboczy",FALSE
"251",2017-07-26,2017-07-24,NA,3122,NA,NA,NA,3228,4031,NA,NA,NA,NA,1057,1465,20.8,10.1,16.7,0,0,"s","roboczy",FALSE
"252",2017-07-27,2017-07-24,NA,2973,NA,NA,NA,3266,4154,NA,NA,NA,NA,1047,1456,23.3,10.6,16.9,0.3,0,"d","roboczy",FALSE
"253",2017-07-28,2017-07-24,NA,1960,NA,NA,NA,2230,3076,NA,NA,NA,NA,736,1039,24.6,13.2,18.1,0,0,"s","roboczy",FALSE
"254",2017-07-29,2017-07-24,NA,3276,NA,NA,NA,1802,2352,NA,NA,NA,NA,500,912,25.5,12.5,19.1,0,0,"s","weekend",TRUE
"255",2017-07-30,2017-07-24,NA,3353,NA,NA,NA,1888,2049,NA,NA,NA,NA,359,823,31.6,11.9,23,0,0,"s","weekend",TRUE
"256",2017-07-31,2017-07-31,NA,2856,NA,NA,NA,3147,4004,NA,NA,NA,NA,673,1306,32.7,17.3,25.9,0,0,"s","roboczy",FALSE
"257",2017-08-01,2017-07-31,NA,2920,NA,NA,NA,3313,4135,NA,NA,NA,NA,614,1318,35.2,17.5,27,0,0,"s","roboczy",FALSE
"258",2017-08-02,2017-07-31,NA,2860,NA,NA,NA,3070,3883,NA,NA,NA,NA,649,1242,31.6,17.5,24.6,0,0,"s","roboczy",FALSE
"259",2017-08-03,2017-07-31,NA,2563,NA,NA,NA,2940,3810,NA,NA,NA,NA,567,1197,34,16.9,25.6,0,0,"s","roboczy",FALSE
"260",2017-08-04,2017-07-31,NA,2414,NA,NA,NA,2662,3514,NA,NA,NA,NA,556,1147,28.7,17.9,23.9,0,0,"s","roboczy",FALSE
"261",2017-08-05,2017-07-31,NA,2671,NA,NA,NA,1611,1825,NA,NA,NA,NA,297,768,30.5,19.9,24.8,0,0,"s","weekend",TRUE
"262",2017-08-06,2017-07-31,NA,1400,NA,NA,NA,924,1360,NA,NA,NA,NA,175,409,27.5,16.9,18.9,2.4,0,"d","weekend",TRUE
"263",2017-08-07,2017-08-07,NA,2034,NA,NA,NA,2095,2876,NA,NA,NA,NA,693,843,20.6,15.6,16.7,0.1,0,"d","roboczy",FALSE
"264",2017-08-08,2017-08-07,NA,3095,NA,NA,NA,3291,4220,NA,NA,NA,NA,901,1385,25.2,10.3,17.7,0,0,"s","roboczy",FALSE
"265",2017-08-09,2017-08-07,NA,3287,NA,NA,NA,3474,4297,NA,NA,NA,NA,829,1431,31.3,12.8,23,0,0,"s","roboczy",FALSE
"266",2017-08-10,2017-08-07,NA,2659,NA,NA,NA,3018,3900,NA,NA,NA,NA,534,1275,33.6,19.6,26,0,0,"s","roboczy",FALSE
"267",2017-08-11,2017-08-07,NA,2380,NA,NA,NA,2679,3558,NA,NA,NA,NA,484,1178,35.3,18.6,27.2,0.9,0,"d","roboczy",FALSE
"268",2017-08-12,2017-08-07,NA,667,NA,NA,NA,547,855,NA,NA,NA,NA,131,323,30.5,16.5,17.3,9.1,0,"d","weekend",TRUE
"269",2017-08-13,2017-08-07,NA,2577,NA,NA,NA,NA,1673,NA,NA,NA,NA,313,644,21.6,13.9,16.5,0,0,"s","weekend",TRUE
"270",2017-08-14,2017-08-14,NA,2648,NA,NA,NA,1273,2868,NA,NA,NA,NA,639,1072,23.1,12,17.9,0,0,"s","roboczy",FALSE
"271",2017-08-15,2017-08-14,NA,4705,NA,NA,NA,2387,2733,NA,NA,NA,NA,412,1235,26.5,11.9,19.5,0,0,"s","roboczy",TRUE
"272",2017-08-16,2017-08-14,NA,3021,NA,NA,NA,3174,4049,NA,NA,NA,NA,837,1354,29.9,12.9,21.6,0,0,"s","roboczy",FALSE
"273",2017-08-17,2017-08-14,NA,3047,NA,NA,NA,3150,4208,NA,NA,NA,NA,730,1388,27.2,16.8,21.6,0,0,"s","roboczy",FALSE
"274",2017-08-18,2017-08-14,NA,2903,NA,NA,NA,2919,3819,NA,NA,NA,NA,567,1303,31.5,15.3,23.1,0,0,"s","roboczy",FALSE
"275",2017-08-19,2017-08-14,NA,1459,NA,NA,NA,1044,1378,NA,NA,NA,NA,223,515,26.9,15.5,19.5,25.7,0,"d","weekend",TRUE
"276",2017-08-20,2017-08-14,NA,134,NA,NA,NA,NA,253,NA,NA,NA,NA,54,84,17.3,13.7,14.4,23.6,0,"d","weekend",TRUE
"277",2017-08-21,2017-08-21,NA,2208,NA,NA,NA,3111,3310,NA,NA,NA,NA,801,1074,19.6,8.2,14.1,0.2,0,"d","roboczy",FALSE
"278",2017-08-22,2017-08-21,NA,2545,NA,NA,NA,0,3803,NA,NA,NA,NA,849,1288,19.7,10.5,14.6,0.1,0,"d","roboczy",FALSE
"279",2017-08-23,2017-08-21,NA,2290,NA,NA,NA,0,3527,NA,NA,NA,NA,873,1109,18.5,10.9,14,0,0,"s","roboczy",FALSE
"280",2017-08-24,2017-08-21,NA,3404,NA,NA,NA,6142,4173,NA,NA,NA,NA,935,1369,24.3,6.9,16.2,0,0,"s","roboczy",FALSE
"281",2017-08-25,2017-08-21,NA,2742,NA,NA,NA,NA,3781,NA,NA,NA,NA,861,1226,26.4,12.2,19.7,5.3,0,"d","roboczy",FALSE
"282",2017-08-26,2017-08-21,NA,2345,NA,NA,NA,NA,1818,NA,NA,NA,NA,367,632,25.9,15.2,19.9,3.1,0,"d","weekend",TRUE
"283",2017-08-27,2017-08-21,NA,3156,NA,NA,NA,NA,2097,NA,NA,NA,NA,367,843,27.6,16.5,21.3,0,0,"s","weekend",TRUE
"284",2017-08-28,2017-08-28,NA,2583,NA,NA,NA,NA,3924,NA,NA,NA,NA,955,1276,21.2,12.2,16.8,0,0,"s","roboczy",FALSE
"285",2017-08-29,2017-08-28,NA,3408,NA,NA,NA,NA,4558,NA,NA,NA,NA,1050,1488,22.3,9.2,16,0,0,"s","roboczy",FALSE
"286",2017-08-30,2017-08-28,NA,3526,NA,NA,NA,NA,4678,NA,NA,NA,NA,1018,1517,26.6,8.9,18.1,0,0,"s","roboczy",FALSE
"287",2017-08-31,2017-08-28,NA,3712,NA,NA,NA,NA,4588,NA,NA,NA,NA,1083,1495,29.5,10.3,20,0,0,"s","roboczy",FALSE
"288",2017-09-01,2017-08-28,NA,2614,NA,NA,NA,NA,3765,NA,NA,NA,NA,834,1202,25.8,14.5,19.3,8,0,"d","roboczy",FALSE
"289",2017-09-02,2017-08-28,NA,1079,NA,NA,NA,NA,1219,NA,NA,NA,NA,295,235,18.4,12.4,13.4,10.9,0,"d","weekend",TRUE
"290",2017-09-03,2017-08-28,NA,550,NA,NA,NA,NA,673,NA,NA,NA,NA,122,198,15.1,11.6,12.9,1,0,"d","weekend",TRUE
"291",2017-09-04,2017-09-04,NA,1710,NA,NA,NA,NA,2788,NA,NA,NA,NA,664,1090,18.1,11.9,13.5,0,0,"s","roboczy",FALSE
"292",2017-09-05,2017-09-04,NA,965,NA,NA,NA,NA,2069,NA,NA,NA,NA,490,815,15.2,10.9,12.8,4.3,0,"d","roboczy",FALSE
"293",2017-09-06,2017-09-04,NA,1444,NA,NA,NA,NA,2429,NA,NA,NA,NA,574,953,19.9,12.5,15.8,5.9,0,"d","roboczy",FALSE
"294",2017-09-07,2017-09-04,NA,1577,NA,NA,NA,NA,2929,NA,NA,NA,NA,654,1138,17.2,13.2,14.3,0.1,0,"d","roboczy",FALSE
"295",2017-09-08,2017-09-04,NA,2534,NA,NA,NA,1821,3493,NA,NA,NA,NA,755,1348,20.3,9.9,14.8,0,0,"s","roboczy",FALSE
"296",2017-09-09,2017-09-04,NA,3351,NA,NA,NA,1737,2101,NA,NA,NA,NA,435,805,25.4,8,16.8,0,0,"s","weekend",TRUE
"297",2017-09-10,2017-09-04,NA,3496,NA,NA,NA,1689,2046,NA,NA,NA,NA,394,775,25.1,11.4,18.6,0,0,"s","weekend",TRUE
"298",2017-09-11,2017-09-11,NA,2211,NA,NA,NA,2519,3492,NA,NA,NA,NA,876,1387,26.9,16.2,20.3,23.8,0,"d","roboczy",FALSE
"299",2017-09-12,2017-09-11,NA,589,NA,NA,NA,717,1053,NA,NA,NA,NA,281,426,19.7,12.3,14,12.2,0,"d","roboczy",FALSE
"300",2017-09-13,2017-09-11,NA,2125,NA,NA,NA,2442,3270,NA,NA,NA,NA,783,1287,19.2,11.2,15.3,0.4,0,"d","roboczy",FALSE
"301",2017-09-14,2017-09-11,NA,2405,NA,NA,NA,2501,3376,NA,NA,NA,NA,790,1323,26.2,13,19.4,2.7,0,"d","roboczy",FALSE
"302",2017-09-15,2017-09-11,NA,1577,NA,NA,NA,2046,2601,NA,NA,NA,NA,657,1033,15.7,9.4,12.4,0.6,0,"d","roboczy",FALSE
"303",2017-09-16,2017-09-11,NA,591,NA,NA,NA,473,643,NA,NA,NA,NA,200,268,14.3,10.7,12.6,0.8,0,"d","weekend",TRUE
"304",2017-09-17,2017-09-11,NA,248,NA,NA,NA,195,342,NA,NA,NA,NA,85,136,13.9,12.1,12.9,24.8,0,"d","weekend",TRUE
"305",2017-09-18,2017-09-18,NA,2044,NA,NA,NA,2263,2842,NA,NA,NA,NA,765,1145,17.5,8.5,12.2,0,0,"s","roboczy",FALSE
"306",2017-09-19,2017-09-18,NA,1013,NA,NA,NA,1468,1969,NA,NA,NA,NA,527,793,13.3,5.3,10,6.7,0,"d","roboczy",FALSE
"307",2017-09-20,2017-09-18,NA,599,NA,NA,NA,812,1141,NA,NA,NA,NA,335,470,12.4,10.2,11.1,2.2,0,"d","roboczy",FALSE
"308",2017-09-21,2017-09-18,NA,291,NA,NA,NA,379,581,NA,NA,NA,NA,147,232,11.4,10.4,10.9,24.9,0,"d","roboczy",FALSE
"309",2017-09-22,2017-09-18,NA,475,NA,NA,NA,629,1027,NA,NA,NA,NA,212,394,12.2,10.1,11,11.9,0,"d","roboczy",FALSE
"310",2017-09-23,2017-09-18,NA,144,NA,NA,NA,127,228,NA,NA,NA,NA,62,91,11.8,10.2,11,10.8,0,"d","weekend",TRUE
"311",2017-09-24,2017-09-18,NA,1137,NA,NA,NA,577,809,NA,NA,NA,NA,175,312,16.3,11.2,13.1,20.1,0,"d","weekend",TRUE
"312",2017-09-25,2017-09-25,NA,1321,NA,NA,NA,1566,2192,NA,NA,NA,NA,573,878,18.2,11.4,13.6,0,0,"s","roboczy",FALSE
"313",2017-09-26,2017-09-25,NA,1424,NA,NA,NA,1894,2489,NA,NA,NA,NA,583,975,13.6,9.7,11.3,0,0,"s","roboczy",FALSE
"314",2017-09-27,2017-09-25,NA,1783,NA,NA,NA,2023,2744,NA,NA,NA,NA,607,707,17.9,8.3,12.4,0,0,"s","roboczy",FALSE
"315",2017-09-28,2017-09-25,NA,1862,NA,NA,NA,2154,2884,NA,NA,NA,NA,635,918,17.6,4.9,10.9,0,0,"s","roboczy",FALSE
"316",2017-09-29,2017-09-25,NA,1544,NA,NA,NA,1796,2466,NA,NA,NA,NA,546,795,16.1,3.3,9.5,0,0,"s","roboczy",FALSE
"317",2017-09-30,2017-09-25,NA,1486,NA,NA,NA,956,1244,NA,NA,NA,NA,238,475,15.9,4.2,9.2,0,0,"s","weekend",TRUE
"318",2017-10-01,2017-09-25,NA,2286,NA,NA,NA,1210,1399,NA,NA,NA,NA,226,619,15.8,1.7,8.7,0,0,"s","weekend",TRUE
"319",2017-10-02,2017-10-02,NA,1928,NA,NA,NA,2100,2933,NA,NA,NA,NA,565,917,18.2,1.9,9.4,0.8,0,"d","roboczy",FALSE
"320",2017-10-03,2017-10-02,NA,499,NA,NA,NA,698,1074,NA,NA,NA,NA,222,308,14.5,5.4,10.3,9.6,0,"d","roboczy",FALSE
"321",2017-10-04,2017-10-02,NA,1331,NA,NA,NA,1711,2426,NA,NA,NA,NA,543,677,14.6,8,11.4,0,0,"s","roboczy",FALSE
"322",2017-10-05,2017-10-02,NA,748,NA,NA,NA,1155,1660,NA,NA,NA,NA,384,477,12.1,9.8,11.3,2.8,0,"d","roboczy",FALSE
"323",2017-10-06,2017-10-02,NA,544,NA,NA,NA,861,1270,NA,NA,NA,NA,341,337,14.5,7.4,9.1,9.1,0,"d","roboczy",FALSE
"324",2017-10-07,2017-10-02,NA,514,NA,NA,NA,428,685,NA,NA,NA,NA,165,205,12.4,7.2,8.6,0,0,"s","weekend",TRUE
"325",2017-10-08,2017-10-02,NA,402,NA,NA,NA,301,498,NA,NA,NA,NA,92,159,11.8,4.6,8.8,3.2,0,"d","weekend",TRUE
"326",2017-10-09,2017-10-09,NA,1047,NA,NA,NA,1464,2243,NA,NA,NA,NA,443,568,10.2,4.8,7,0.2,0,"d","roboczy",FALSE
"327",2017-10-10,2017-10-09,NA,935,NA,NA,NA,1429,2032,NA,NA,NA,NA,424,559,10.9,4.9,8.9,0.7,0,"d","roboczy",FALSE
"328",2017-10-11,2017-10-09,NA,1002,NA,NA,NA,1370,2084,NA,NA,NA,NA,413,562,15.9,9.5,12.3,0.2,0,"d","roboczy",FALSE
"329",2017-10-12,2017-10-09,NA,1336,NA,NA,NA,1736,2515,NA,NA,NA,NA,515,751,18.6,7.7,13.2,0.2,0,"d","roboczy",FALSE
"330",2017-10-13,2017-10-09,NA,1087,NA,NA,NA,1498,2207,NA,NA,NA,NA,449,652,15.4,9.3,11.1,0,0,"s","roboczy",FALSE
"331",2017-10-14,2017-10-09,NA,1229,NA,NA,NA,781,1191,NA,NA,NA,NA,202,391,15.7,6.6,11.7,0,0,"s","weekend",TRUE
"332",2017-10-15,2017-10-09,NA,1562,NA,NA,NA,1261,1463,NA,NA,NA,NA,225,535,20,11.7,14.7,0,0,"s","weekend",TRUE
"333",2017-10-16,2017-10-16,NA,2284,NA,NA,NA,2392,3175,NA,NA,NA,NA,621,946,23.4,6.1,13.6,0,0,"s","roboczy",FALSE
"334",2017-10-17,2017-10-16,NA,2426,NA,NA,NA,2453,3436,NA,NA,NA,NA,648,1039,23.1,6.6,13.5,0,0,"s","roboczy",FALSE
"335",2017-10-18,2017-10-16,NA,2245,NA,NA,NA,2456,3231,NA,NA,NA,NA,621,963,22.2,5.4,12.8,0,0,"s","roboczy",FALSE
"336",2017-10-19,2017-10-16,NA,1870,NA,NA,NA,2226,3113,NA,NA,NA,NA,604,914,18.4,5.7,11.2,0,0,"s","roboczy",FALSE
"337",2017-10-20,2017-10-16,NA,1179,NA,NA,NA,1551,2282,NA,NA,NA,NA,443,669,12.3,6.8,10.3,0,0,"s","roboczy",FALSE
"338",2017-10-21,2017-10-16,NA,858,NA,NA,NA,605,957,NA,NA,NA,NA,179,313,14,9.2,10.6,0,0,"s","weekend",TRUE
"339",2017-10-22,2017-10-16,NA,310,NA,NA,NA,278,474,NA,NA,NA,NA,101,122,10.1,6.9,8.8,8.9,0,"d","weekend",TRUE
"340",2017-10-23,2017-10-23,NA,281,NA,NA,NA,465,709,NA,NA,NA,NA,178,175,9.9,8.6,8.9,11.3,0,"d","roboczy",FALSE
"341",2017-10-24,2017-10-23,NA,744,NA,NA,NA,1125,1792,NA,NA,NA,NA,360,438,8.6,6.5,6.7,0,0,"s","roboczy",FALSE
"342",2017-10-25,2017-10-23,NA,810,NA,NA,NA,1232,2624,NA,NA,NA,NA,367,484,9.8,3.1,7.3,0.3,0,"d","roboczy",FALSE
"343",2017-10-26,2017-10-23,NA,1058,NA,NA,NA,1366,2547,NA,NA,NA,NA,442,629,15.3,9.8,12.2,1.1,0,"d","roboczy",FALSE
"344",2017-10-27,2017-10-23,NA,397,NA,NA,NA,569,1011,NA,NA,NA,NA,185,229,12.5,6.9,9.3,6.6,0,"d","roboczy",FALSE
"345",2017-10-28,2017-10-23,NA,168,NA,NA,NA,190,309,NA,NA,NA,NA,72,106,8.5,4.6,7.2,11.5,0,"d","weekend",TRUE
"346",2017-10-29,2017-10-23,NA,66,NA,NA,NA,83,264,NA,NA,NA,NA,28,37,8.7,4.1,6.1,10.9,0,"d","weekend",TRUE
"347",2017-10-30,2017-10-30,NA,473,NA,NA,NA,800,1181,NA,NA,NA,NA,248,313,6.4,1.2,3.2,0,0.4,"s","roboczy",FALSE
"348",2017-10-31,2017-10-30,NA,579,NA,NA,NA,900,987,NA,NA,NA,NA,259,381,6.4,-0.9,2.5,0.2,0,"d","roboczy",FALSE
"349",2017-11-01,2017-10-30,NA,273,NA,NA,NA,306,631,NA,NA,NA,NA,58,128,8.6,1.6,6.7,0,0,"s","roboczy",TRUE
"350",2017-11-02,2017-10-30,NA,575,NA,NA,NA,737,1280,NA,NA,NA,NA,222,297,13.4,6.6,9,3.7,0,"d","roboczy",FALSE
"351",2017-11-03,2017-10-30,NA,470,NA,NA,NA,664,1229,NA,NA,NA,NA,209,291,9.4,7.4,8.1,0.5,0,"d","roboczy",FALSE
"352",2017-11-04,2017-10-30,NA,1210,NA,NA,NA,667,675,NA,NA,NA,NA,171,354,12.7,-0.3,6.3,0,0,"s","weekend",TRUE
"353",2017-11-05,2017-10-30,NA,1223,NA,NA,NA,668,904,NA,NA,NA,NA,137,332,15.8,0,6.3,0,0,"s","weekend",TRUE
"354",2017-11-06,2017-11-06,NA,1040,NA,NA,NA,1304,2000,NA,NA,NA,NA,351,533,13.1,2.2,7.5,0,0,"s","roboczy",FALSE
"355",2017-11-07,2017-11-06,NA,831,NA,NA,NA,1197,1919,NA,NA,NA,NA,360,496,9.5,5.7,7.1,0,0,"s","roboczy",FALSE
"356",2017-11-08,2017-11-06,NA,750,NA,NA,NA,1103,1715,NA,NA,NA,NA,303,417,6.1,4.5,5.1,0.1,0,"d","roboczy",FALSE
"357",2017-11-09,2017-11-06,NA,733,NA,NA,NA,1043,1616,NA,NA,351,NA,295,441,7.1,3.4,5.5,0,0,"s","roboczy",FALSE
"358",2017-11-10,2017-11-06,NA,658,NA,NA,NA,892,1360,NA,NA,511,NA,265,371,8.5,5.6,7.3,2.6,0,"d","roboczy",FALSE
"359",2017-11-11,2017-11-06,NA,334,NA,NA,NA,239,504,NA,NA,213,NA,71,136,7.8,3.8,5.6,2.6,0,"d","weekend",TRUE
"360",2017-11-12,2017-11-06,NA,393,NA,NA,NA,278,520,NA,NA,205,NA,63,167,7,2.7,4.3,5.7,0,"d","weekend",TRUE
"361",2017-11-13,2017-11-13,NA,285,NA,NA,NA,520,798,NA,NA,288,NA,159,206,5.4,2.3,3.6,5.2,0,"d","roboczy",FALSE
"362",2017-11-14,2017-11-13,NA,589,NA,NA,NA,960,1395,NA,NA,497,NA,240,400,4.7,0.8,2.5,0,0,"s","roboczy",FALSE
"363",2017-11-15,2017-11-13,NA,653,NA,NA,NA,985,1497,496,NA,509,245,270,312,5.8,-4.1,0.8,0,0,"s","roboczy",FALSE
"364",2017-11-16,2017-11-13,NA,708,413,NA,NA,945,1530,780,NA,537,443,241,373,7.7,-3.9,1.7,1.6,0,"d","roboczy",FALSE
"365",2017-11-17,2017-11-13,NA,335,385,NA,NA,577,841,472,NA,324,185,153,210,5.1,0.3,3.5,1.3,0,"d","roboczy",FALSE
"366",2017-11-18,2017-11-13,NA,301,219,NA,NA,261,480,243,NA,224,244,100,113,4.4,1.3,3.3,0.5,0,"d","weekend",TRUE
"367",2017-11-19,2017-11-13,NA,433,188,NA,NA,297,538,323,NA,198,470,89,136,6,1.1,3.4,0,2.5,"s","weekend",TRUE
"368",2017-11-20,2017-11-20,NA,364,407,NA,NA,507,844,450,NA,325,206,164,202,4.2,0.6,1.7,0,2.1,"s","roboczy",FALSE
"369",2017-11-21,2017-11-20,NA,420,510,NA,NA,670,1056,519,NA,373,228,171,206,4,0.9,2.4,3.1,0,"d","roboczy",FALSE
"370",2017-11-22,2017-11-20,NA,427,509,NA,NA,645,1020,516,NA,419,234,182,235,7,2.6,5,0.7,0,"d","roboczy",FALSE
"371",2017-11-23,2017-11-20,NA,750,629,NA,NA,951,1395,824,NA,523,497,239,395,10.6,-0.7,4.3,0,0,"s","roboczy",FALSE
"372",2017-11-24,2017-11-20,NA,735,629,NA,NA,943,1363,749,NA,481,482,244,387,11.3,-1.7,3.5,0,0,"s","roboczy",FALSE
"373",2017-11-25,2017-11-20,NA,535,286,NA,NA,373,617,424,NA,241,624,101,198,12.6,0,6.2,1.5,0,"d","weekend",TRUE
"374",2017-11-26,2017-11-20,NA,163,108,NA,NA,180,347,184,NA,189,163,58,82,11,1.5,3.4,0,0,"s","weekend",TRUE
"375",2017-11-27,2017-11-27,NA,488,536,NA,NA,735,1151,650,NA,430,312,222,308,2.7,-1.3,0.3,0,0,"s","roboczy",FALSE
"376",2017-11-28,2017-11-27,NA,558,596,NA,NA,819,1235,709,NA,450,382,195,331,5.7,-5.1,-0.9,0,3.5,"s","roboczy",FALSE
"377",2017-11-29,2017-11-27,NA,304,388,NA,NA,467,780,429,NA,327,182,156,174,2,-1.3,0.6,0,5.9,"s","roboczy",FALSE
"378",2017-11-30,2017-11-27,NA,221,290,NA,NA,320,563,313,NA,246,133,106,121,0.9,0,0.2,0,13.5,"s","roboczy",FALSE
"379",2017-12-01,2017-11-27,NA,250,368,NA,NA,435,749,398,NA,269,200,141,121,1.4,-3.3,-0.4,0,0,"s","roboczy",FALSE
"380",2017-12-02,2017-11-27,NA,106,135,NA,NA,128,213,115,NA,118,106,74,36,-1.6,-8,-3.4,0,0.3,"s","weekend",TRUE
"381",2017-12-03,2017-11-27,NA,95,75,NA,NA,80,163,109,NA,100,72,37,29,0.3,-1.9,-0.7,0,1.3,"s","weekend",TRUE
"382",2017-12-04,2017-12-04,NA,195,252,NA,NA,318,562,281,NA,231,170,140,105,1,-2.5,-0.3,0,0.7,"s","roboczy",FALSE
"383",2017-12-05,2017-12-04,NA,247,344,NA,NA,418,709,370,NA,287,193,138,181,2.4,0.3,1.3,0,1.7,"s","roboczy",FALSE
"384",2017-12-06,2017-12-04,NA,232,360,NA,NA,445,678,367,NA,317,158,125,205,4.3,2.4,3.4,1,0,"d","roboczy",FALSE
"385",2017-12-07,2017-12-04,NA,401,454,NA,NA,612,931,516,NA,388,316,153,275,5.5,0.3,2.9,0,0,"s","roboczy",FALSE
"386",2017-12-08,2017-12-04,NA,374,445,NA,NA,549,884,472,NA,345,261,224,262,7.1,-2.5,2.8,0.6,0,"d","roboczy",FALSE
"387",2017-12-09,2017-12-04,NA,134,159,NA,NA,178,326,185,NA,186,153,86,103,3.9,-1.4,0.7,0,0,"s","weekend",TRUE
"388",2017-12-10,2017-12-04,NA,303,145,NA,NA,227,384,245,NA,150,390,95,113,3,-2,0.9,0,0,"s","weekend",TRUE
"389",2017-12-11,2017-12-11,NA,508,538,NA,NA,697,1095,577,NA,402,308,240,278,12.6,1.3,8.6,0,0,"s","roboczy",FALSE
"390",2017-12-12,2017-12-11,NA,497,572,NA,NA,812,1238,634,NA,493,343,209,314,14.5,7.3,10,0,0,"s","roboczy",FALSE
"391",2017-12-13,2017-12-11,NA,471,528,NA,NA,691,1110,618,NA,475,325,208,268,7.4,-0.9,1.6,0,0,"s","roboczy",FALSE
"392",2017-12-14,2017-12-11,NA,410,486,NA,NA,670,1072,531,NA,440,263,264,251,8,-4.5,1.6,0,0,"s","roboczy",FALSE
"393",2017-12-15,2017-12-11,NA,385,447,NA,NA,584,932,485,NA,369,215,184,232,6.3,-2.5,1.5,0,0.1,"s","roboczy",FALSE
"394",2017-12-16,2017-12-11,NA,142,134,NA,NA,171,335,178,NA,195,190,121,93,2.3,-1.8,0,0,0.3,"s","weekend",TRUE
"395",2017-12-17,2017-12-11,NA,149,98,NA,NA,150,261,162,NA,141,137,64,69,3.4,-3.2,-0.9,0,0.4,"s","weekend",TRUE
"396",2017-12-18,2017-12-18,NA,292,352,NA,NA,530,809,390,NA,328,197,252,191,0.8,-2.5,-0.7,0,0.2,"s","roboczy",FALSE
"397",2017-12-19,2017-12-18,NA,308,392,NA,NA,542,891,410,NA,350,219,287,199,-0.5,-5.7,-2.3,0,0,"s","roboczy",FALSE
"398",2017-12-20,2017-12-18,NA,286,362,NA,NA,498,767,388,NA,348,194,231,203,0,-2.8,-1.1,0,0.1,"s","roboczy",FALSE
"399",2017-12-21,2017-12-18,NA,249,305,NA,NA,444,666,362,NA,315,171,230,155,1.5,-1.9,0.1,0,1.1,"s","roboczy",FALSE
"400",2017-12-22,2017-12-18,NA,211,246,NA,NA,376,557,264,NA,266,135,130,144,3.6,1.5,3,5.9,0,"d","roboczy",FALSE
"401",2017-12-23,2017-12-18,NA,58,61,NA,NA,76,136,93,NA,128,41,33,45,5.1,1.8,3.3,1.7,0,"d","weekend",TRUE
"402",2017-12-24,2017-12-18,NA,40,40,NA,NA,48,70,45,NA,47,52,13,34,8.4,4.6,7.2,0.3,0,"d","weekend",TRUE
"403",2017-12-25,2017-12-25,NA,229,62,NA,NA,110,171,119,NA,76,278,24,65,8.9,0.9,5.2,0,0,"s","roboczy",TRUE
"404",2017-12-26,2017-12-25,NA,257,56,NA,NA,120,218,122,NA,82,269,60,69,5.8,-5.7,-0.9,0,0,"s","roboczy",TRUE
"405",2017-12-27,2017-12-25,NA,364,230,NA,NA,336,562,270,NA,219,349,130,166,9.4,-4.7,2,0,0,"s","roboczy",FALSE
"406",2017-12-28,2017-12-25,NA,347,257,NA,NA,377,609,320,NA,202,244,116,167,9.3,3,4.7,0,6,"s","roboczy",FALSE
"407",2017-12-29,2017-12-25,NA,135,171,NA,NA,201,362,196,NA,161,90,74,97,3.7,0.2,0.6,0,0.5,"s","roboczy",FALSE
"408",2017-12-30,2017-12-25,NA,282,114,NA,NA,162,286,175,NA,142,297,79,94,2.4,-5.7,-1.8,0.7,0,"d","weekend",TRUE
"409",2017-12-31,2017-12-25,NA,148,85,NA,NA,134,251,123,NA,97,185,51,71,8.2,-2,4.7,0.5,0,"d","weekend",TRUE
"410",2018-01-01,2018-01-01,NA,252,85,NA,NA,132,205,153,NA,100,222,66,59,6.3,-1.2,3.1,0,0,"s","roboczy",TRUE
"411",2018-01-02,2018-01-01,NA,354,300,NA,NA,393,660,350,NA,257,238,175,168,4.9,-4.6,0.8,0.1,0,"d","roboczy",FALSE
"412",2018-01-03,2018-01-01,NA,360,373,NA,NA,493,817,440,NA,326,250,222,221,5.6,-3,2.5,3.4,0,"d","roboczy",FALSE
"413",2018-01-04,2018-01-01,NA,489,449,NA,NA,635,983,579,NA,374,335,228,265,7.4,2.6,4.3,0.1,0,"d","roboczy",FALSE
"414",2018-01-05,2018-01-01,NA,448,440,NA,NA,578,935,513,NA,358,342,188,251,9.4,0.2,4.6,1.6,0,"d","roboczy",FALSE
"415",2018-01-06,2018-01-01,NA,424,125,NA,NA,271,388,283,NA,144,475,49,129,9.2,3.2,6.2,0,0,"s","weekend",TRUE
"416",2018-01-07,2018-01-01,NA,166,82,NA,NA,143,233,154,NA,113,184,35,82,7.1,2.3,4.7,0,0,"s","weekend",TRUE
"417",2018-01-08,2018-01-08,NA,251,344,NA,NA,470,723,358,NA,291,180,141,180,2.3,0,0.2,0,0.5,"s","roboczy",FALSE
"418",2018-01-09,2018-01-08,NA,344,466,NA,NA,552,831,408,NA,321,277,164,177,1.8,-3.1,-0.4,0.2,0,"d","roboczy",FALSE
"419",2018-01-10,2018-01-08,NA,388,476,NA,NA,579,918,499,NA,382,252,326,220,5.1,1.1,2.7,1.1,0,"d","roboczy",FALSE
"420",2018-01-11,2018-01-08,NA,303,404,NA,NA,486,845,438,NA,262,202,319,206,2.2,0.2,0.7,0.3,0,"d","roboczy",FALSE
"421",2018-01-12,2018-01-08,NA,277,374,NA,NA,434,750,378,NA,291,191,248,180,1,-0.7,0.3,0,0,"s","roboczy",FALSE
"422",2018-01-13,2018-01-08,NA,130,123,NA,NA,125,261,179,NA,134,127,91,85,-0.4,-1.4,-1.3,0,0,"s","weekend",TRUE
"423",2018-01-14,2018-01-08,NA,117,105,NA,NA,176,268,148,NA,143,253,87,93,-1.2,-5.6,-4.2,0,0,"s","weekend",TRUE
"424",2018-01-15,2018-01-15,NA,288,313,NA,NA,505,719,370,NA,279,179,414,182,-3,-8.1,-6.3,0,0,"s","roboczy",FALSE
"425",2018-01-16,2018-01-15,NA,276,340,NA,NA,465,685,349,NA,254,232,277,143,2,-9.7,-3.3,0,4.6,"s","roboczy",FALSE
"426",2018-01-17,2018-01-15,NA,219,306,NA,NA,394,641,326,NA,262,195,286,130,4.1,-1.4,1.5,0,1,"s","roboczy",FALSE
"427",2018-01-18,2018-01-15,NA,257,288,NA,NA,361,586,350,NA,226,187,287,155,4.8,-3.2,1.4,0,0.3,"s","roboczy",FALSE
"428",2018-01-19,2018-01-15,NA,236,316,NA,NA,404,589,344,NA,232,165,269,128,5,-0.8,1.9,0,0,"s","roboczy",FALSE
"429",2018-01-20,2018-01-15,NA,134,130,NA,NA,114,242,157,NA,127,122,96,80,1.6,-2.4,-1,0,1.5,"s","weekend",TRUE
"430",2018-01-21,2018-01-15,NA,35,13,NA,NA,64,80,56,NA,52,64,24,19,-0.5,-5.7,-1.9,0,1.7,"s","weekend",TRUE
"431",2018-01-22,2018-01-22,NA,121,203,NA,NA,325,485,286,NA,185,139,213,106,-0.8,-5.9,-3.1,0,0,"s","roboczy",FALSE
"432",2018-01-23,2018-01-22,NA,124,286,NA,NA,358,578,302,NA,223,156,224,135,-2.7,-6.8,-4,0,0,"s","roboczy",FALSE
"433",2018-01-24,2018-01-22,NA,188,317,NA,NA,410,648,349,NA,273,153,235,168,5.8,-4.2,0.2,0,0,"s","roboczy",FALSE
"434",2018-01-25,2018-01-22,NA,278,367,NA,NA,457,700,457,NA,284,249,290,205,9.5,-2.1,1.4,0,0,"s","roboczy",FALSE
"435",2018-01-26,2018-01-22,NA,278,333,NA,NA,427,599,370,NA,268,195,246,165,4.7,-4.1,-0.6,0,0,"s","roboczy",FALSE
"436",2018-01-27,2018-01-22,NA,136,111,NA,NA,128,249,155,NA,128,111,89,79,2.8,-4.7,0.1,0.2,0,"d","weekend",TRUE
"437",2018-01-28,2018-01-22,NA,131,83,NA,NA,122,181,122,NA,115,162,75,57,6.6,1.1,3.9,0.3,0,"d","weekend",TRUE
"438",2018-01-29,2018-01-29,NA,391,379,NA,NA,486,772,458,NA,298,255,338,231,10.7,4.7,7.8,0.7,0,"d","roboczy",FALSE
"439",2018-01-30,2018-01-29,NA,341,375,NA,NA,504,733,463,NA,299,207,343,197,9,3.3,5.1,0,0,"s","roboczy",FALSE
"440",2018-01-31,2018-01-29,NA,445,408,NA,NA,579,897,531,NA,335,303,361,245,7.6,-1.7,2.1,0,0,"s","roboczy",FALSE
"441",2018-02-01,2018-01-29,NA,349,366,NA,NA,515,763,459,NA,280,231,306,225,8.1,-0.6,4,4.1,0,"d","roboczy",FALSE
"442",2018-02-02,2018-01-29,NA,307,329,NA,NA,426,655,408,NA,270,217,284,173,5.3,1.1,2.1,0,0,"s","roboczy",FALSE
"443",2018-02-03,2018-01-29,NA,204,130,NA,NA,183,319,187,NA,131,190,109,86,2.9,-4.2,-0.7,0,0,"s","weekend",TRUE
"444",2018-02-04,2018-01-29,NA,115,78,NA,NA,120,215,99,NA,91,119,57,69,1.2,-2.4,-0.7,0,0.4,"s","weekend",TRUE
"445",2018-02-05,2018-02-05,NA,296,338,NA,NA,446,674,329,NA,256,193,294,156,0.3,-5.3,-2.5,0,0,"s","roboczy",FALSE
"446",2018-02-06,2018-02-05,NA,288,318,NA,NA,431,640,317,NA,255,209,270,161,-1,-10.4,-5.7,0,0,"s","roboczy",FALSE
"447",2018-02-07,2018-02-05,NA,255,299,NA,NA,367,641,316,NA,248,166,220,164,-0.8,-6.4,-3.1,0,3.3,"s","roboczy",FALSE
"448",2018-02-08,2018-02-05,NA,152,252,NA,NA,272,463,213,NA,162,134,195,117,-0.3,-1.9,-1.3,0,0.3,"s","roboczy",FALSE
"449",2018-02-09,2018-02-05,NA,100,248,NA,NA,320,458,251,NA,197,117,197,123,0.1,-2.2,-1.4,0,0,"s","roboczy",FALSE
"450",2018-02-10,2018-02-05,NA,55,93,NA,NA,95,199,98,NA,118,73,63,51,0.2,-2.2,-1.5,0,0,"s","weekend",TRUE
"451",2018-02-11,2018-02-05,NA,111,67,NA,NA,107,177,83,NA,71,101,43,54,1.1,-2.8,-1.3,0,0,"s","weekend",TRUE
"452",2018-02-12,2018-02-12,NA,227,320,NA,NA,383,599,271,NA,231,140,231,157,2.5,-1.7,0.1,0,0,"s","roboczy",FALSE
"453",2018-02-13,2018-02-12,NA,253,318,NA,NA,382,587,325,NA,217,153,213,97,2.6,-2.2,0,0,0.1,"s","roboczy",FALSE
"454",2018-02-14,2018-02-12,NA,206,247,NA,NA,304,491,275,NA,232,157,192,111,0.5,-1.8,-0.8,0,0.4,"s","roboczy",FALSE
"455",2018-02-15,2018-02-12,NA,190,267,NA,NA,316,484,226,NA,201,131,301,105,-0.6,-2,-1.6,0,0,"s","roboczy",FALSE
"456",2018-02-16,2018-02-12,NA,198,231,NA,NA,307,456,252,NA,203,158,182,125,2,-3.6,-1.3,0,0.2,"s","roboczy",FALSE
"457",2018-02-17,2018-02-12,NA,197,118,NA,NA,154,242,140,NA,113,203,86,83,3.9,-4.3,-0.1,0,0,"s","weekend",TRUE
"458",2018-02-18,2018-02-12,NA,122,85,NA,NA,107,197,117,NA,110,144,58,64,2.6,-1.4,0.4,0,0,"s","weekend",TRUE
"459",2018-02-19,2018-02-19,NA,339,320,NA,NA,443,669,330,NA,239,253,237,182,2.5,-3.4,-0.7,0,0,"s","roboczy",FALSE
"460",2018-02-20,2018-02-19,NA,249,304,NA,NA,424,627,297,NA,236,158,221,158,-0.4,-6,-3.2,0,0,"s","roboczy",FALSE
"461",2018-02-21,2018-02-19,NA,251,280,NA,NA,396,599,285,NA,240,134,229,125,-1.6,-5.5,-3.4,0,0,"s","roboczy",FALSE
"462",2018-02-22,2018-02-19,NA,235,282,NA,NA,373,564,265,NA,210,130,200,117,-1.9,-3.2,-2.6,0,0,"s","roboczy",FALSE
"463",2018-02-23,2018-02-19,NA,182,203,NA,NA,290,448,224,NA,195,112,154,109,-2.5,-5,-3.9,0,0,"s","roboczy",FALSE
"464",2018-02-24,2018-02-19,NA,35,41,NA,NA,56,100,68,NA,91,66,71,30,-3.4,-10.7,-7.4,0,0.7,"s","weekend",TRUE
"465",2018-02-25,2018-02-19,NA,22,34,NA,NA,49,89,58,NA,75,88,31,17,-9.1,-13.4,-11.8,0,0.1,"s","weekend",TRUE
"466",2018-02-26,2018-02-26,NA,61,182,NA,NA,231,420,163,NA,140,117,128,54,-8.8,-13.6,-11.4,0,0,"s","roboczy",FALSE
"467",2018-02-27,2018-02-26,NA,51,181,NA,NA,246,412,164,NA,158,87,144,73,-10.3,-13.4,-12.1,0,0.1,"s","roboczy",FALSE
"468",2018-02-28,2018-02-26,NA,92,184,NA,NA,210,402,184,NA,164,137,145,49,-9.3,-13.1,-11.4,0,0.1,"s","roboczy",FALSE
"469",2018-03-01,2018-02-26,NA,68,199,NA,NA,210,399,200,NA,160,126,140,72,-8,-18,-12.4,0,0,"s","roboczy",FALSE
"470",2018-03-02,2018-02-26,NA,60,169,NA,NA,253,382,167,NA,154,87,123,56,-5.5,-16.1,-10.7,0,0,"s","roboczy",FALSE
"471",2018-03-03,2018-02-26,NA,37,76,NA,NA,67,129,81,NA,75,37,42,26,-5.5,-16.7,-11,0,0,"s","weekend",TRUE
"472",2018-03-04,2018-02-26,NA,78,61,NA,NA,65,137,106,NA,90,112,39,32,-0.9,-16.8,-8.5,0,0,"s","weekend",TRUE
"473",2018-03-05,2018-03-05,NA,230,260,NA,NA,367,600,297,NA,241,162,240,130,5.1,-10.6,-2.5,0,0,"s","roboczy",FALSE
"474",2018-03-06,2018-03-05,NA,251,351,NA,NA,424,695,344,NA,253,209,244,156,5.8,-0.5,1.7,0.2,0,"d","roboczy",FALSE
"475",2018-03-07,2018-03-05,NA,351,364,NA,NA,499,797,389,NA,302,241,285,186,8.5,-0.9,3.3,0,0,"s","roboczy",FALSE
"476",2018-03-08,2018-03-05,NA,581,460,NA,NA,661,994,573,NA,378,343,397,262,9.9,-3.1,3.6,0,0,"s","roboczy",FALSE
"477",2018-03-09,2018-03-05,NA,503,419,NA,NA,570,824,475,NA,300,339,354,262,9.9,-4,2.4,1.1,0,"d","roboczy",FALSE
"478",2018-03-10,2018-03-05,NA,739,274,NA,NA,424,611,419,NA,225,772,244,200,12.7,-3.2,4.8,0,0,"s","weekend",TRUE
"479",2018-03-11,2018-03-05,NA,2303,404,NA,NA,960,1141,1035,NA,379,2558,304,514,16.5,-0.2,7.9,0,0,"s","weekend",TRUE
"480",2018-03-12,2018-03-12,NA,901,662,NA,NA,1039,1550,931,NA,488,599,1398,447,17.2,3.9,10.9,0,0,"s","roboczy",FALSE
"481",2018-03-13,2018-03-12,NA,931,722,NA,NA,1111,1555,910,NA,511,522,905,420,14.1,6,8.9,0,0,"s","roboczy",FALSE
"482",2018-03-14,2018-03-12,NA,482,460,NA,NA,766,1131,553,NA,404,304,399,291,9.6,2.2,5,1.4,0,"d","roboczy",FALSE
"483",2018-03-15,2018-03-12,NA,525,525,NA,NA,751,1091,542,NA,391,313,389,276,6.3,2.1,3.4,0.2,0,"d","roboczy",FALSE
"484",2018-03-16,2018-03-12,NA,190,298,NA,NA,333,528,262,NA,238,119,209,133,5.7,0.4,2.1,0,8.4,"s","roboczy",FALSE
"485",2018-03-17,2018-03-12,NA,47,67,NA,NA,69,149,84,NA,108,79,41,35,0.4,-5.7,-4.8,0,0.2,"s","weekend",TRUE
"486",2018-03-18,2018-03-12,NA,27,45,NA,NA,44,101,50,NA,97,42,17,25,-4.6,-9.1,-7,0,0,"s","weekend",TRUE
"487",2018-03-19,2018-03-19,NA,121,193,NA,NA,251,408,195,NA,174,159,160,70,-5.4,-7.5,-6.4,0,0,"s","roboczy",FALSE
"488",2018-03-20,2018-03-19,NA,185,258,NA,NA,340,498,242,NA,200,127,174,125,-2.6,-5.9,-4.4,0,0.1,"s","roboczy",FALSE
"489",2018-03-21,2018-03-19,NA,260,339,NA,NA,440,710,344,NA,277,188,222,178,1.4,-6,-2.1,0,0,"s","roboczy",FALSE
"490",2018-03-22,2018-03-19,NA,500,448,NA,NA,661,969,472,NA,319,371,395,253,6,-7.7,-0.8,0,0,"s","roboczy",FALSE
"491",2018-03-23,2018-03-19,NA,433,427,NA,NA,699,921,472,NA,372,305,340,223,5.6,-6.2,0.3,0,0,"s","roboczy",FALSE
"492",2018-03-24,2018-03-19,NA,581,256,NA,NA,392,580,453,NA,248,599,233,217,7.4,-3.8,1.8,0,0,"s","weekend",TRUE
"493",2018-03-25,2018-03-19,NA,1419,318,NA,NA,657,856,724,NA,293,1626,237,334,10.3,-4,3,0,0,"s","weekend",TRUE
"494",2018-03-26,2018-03-26,NA,628,597,NA,NA,857,1314,650,NA,420,443,621,372,7.4,-2,3,1.2,0,"d","roboczy",FALSE
"495",2018-03-27,2018-03-26,NA,387,405,NA,NA,578,909,467,NA,303,222,319,250,5.3,0.4,2,0,1.1,"s","roboczy",FALSE
"496",2018-03-28,2018-03-26,NA,560,582,NA,NA,792,1206,676,NA,419,439,1147,307,7.8,-2.6,3,0,2,"s","roboczy",FALSE
"497",2018-03-29,2018-03-26,NA,426,360,NA,NA,550,770,476,NA,320,286,1191,231,10.3,3,5.8,0.1,0,"d","roboczy",FALSE
"498",2018-03-30,2018-03-26,NA,1005,456,NA,NA,835,1079,680,NA,382,912,486,377,13.5,0.4,7.6,0.3,0,"d","roboczy",FALSE
"499",2018-03-31,2018-03-26,NA,333,113,NA,NA,193,277,207,NA,127,336,302,99,16.3,4.8,9.5,3.1,0,"d","weekend",TRUE
"500",2018-04-01,2018-03-26,NA,63,34,NA,NA,35,84,55,NA,38,70,32,18,10.6,2.7,4.8,0,1.1,"s","weekend",TRUE
"501",2018-04-02,2018-04-02,NA,519,116,NA,NA,239,319,283,NA,150,483,158,150,10.9,1.4,5,0,0,"s","roboczy",TRUE
"502",2018-04-03,2018-04-02,NA,1830,729,NA,NA,1364,1822,1217,NA,494,1435,705,674,20.2,-1.6,9.3,0,0,"s","roboczy",FALSE
"503",2018-04-04,2018-04-02,NA,2030,1040,NA,NA,1911,2614,1635,NA,735,1340,1053,790,19,2.2,11.6,0,0,"s","roboczy",FALSE
"504",2018-04-05,2018-04-02,NA,1825,1132,NA,NA,1906,2599,1501,NA,769,1031,1019,807,19.3,3.5,11.7,0.5,0,"d","roboczy",FALSE
"505",2018-04-06,2018-04-02,NA,1349,876,NA,NA,1559,2095,1207,NA,615,758,883,620,13.6,6.6,8.1,0,0,"s","roboczy",FALSE
"506",2018-04-07,2018-04-02,NA,2763,625,NA,NA,1533,1787,1515,NA,596,2885,719,805,17.6,-1.8,8.5,0,0,"s","weekend",TRUE
"507",2018-04-08,2018-04-02,NA,5176,816,NA,NA,2510,2660,2556,NA,720,6185,718,1243,24.1,4,14.3,0,0,"s","weekend",TRUE
"508",2018-04-09,2018-04-09,NA,3092,1555,NA,NA,2871,3740,2276,NA,959,2018,1658,1240,26.5,6.5,17.1,0,0,"s","roboczy",FALSE
"509",2018-04-10,2018-04-09,NA,2385,1462,NA,NA,2616,3653,2082,NA,908,1405,1431,1096,21.1,6.5,14.2,0,0,"s","roboczy",FALSE
"510",2018-04-11,2018-04-09,NA,2869,1547,NA,NA,3006,3863,2443,NA,921,1625,1677,1272,21.1,6.4,14.1,0,0,"s","roboczy",FALSE
"511",2018-04-12,2018-04-09,NA,3226,1749,NA,NA,3072,4173,2459,NA,1014,2064,2644,1454,26,4.9,15.9,0,0,"s","roboczy",FALSE
"512",2018-04-13,2018-04-09,NA,2112,1227,NA,NA,2246,2926,1778,NA,799,1139,1202,956,22.5,10.4,15.3,1.8,0,"d","roboczy",FALSE
"513",2018-04-14,2018-04-09,NA,4078,891,NA,NA,2045,2543,2216,NA,723,4064,761,974,22.2,5.4,14.8,0,0,"s","weekend",TRUE
"514",2018-04-15,2018-04-09,NA,5217,878,NA,NA,2444,2816,2651,NA,761,5986,737,1329,23.5,6.3,15.7,0.1,0,"d","weekend",TRUE
"515",2018-04-16,2018-04-16,NA,1516,1200,NA,NA,1885,2673,1396,NA,738,827,881,868,22.6,11.6,16.7,1.7,0,"d","roboczy",FALSE
"516",2018-04-17,2018-04-16,NA,1965,1352,NA,NA,2306,3225,1768,NA,836,1083,1021,1009,18,11.9,14.3,0,0,"s","roboczy",FALSE
"517",2018-04-18,2018-04-16,NA,3444,1714,NA,NA,3268,4440,2562,NA,1074,2038,1439,1431,21.1,5.2,13.3,0,0,"s","roboczy",FALSE
"518",2018-04-19,2018-04-16,NA,3364,1844,NA,NA,3429,4452,2749,NA,1166,2222,1458,1474,23.2,5.9,15.4,0,0,"s","roboczy",FALSE
"519",2018-04-20,2018-04-16,NA,3277,1674,NA,NA,3230,4101,2638,NA,1067,2171,1669,1390,21.3,5.7,14.6,0,0,"s","roboczy",FALSE
"520",2018-04-21,2018-04-16,NA,3834,891,NA,NA,2044,2696,2232,NA,816,3909,1460,1077,26.5,5.8,17.4,0,0,"s","weekend",TRUE
"521",2018-04-22,2018-04-16,NA,2922,1005,NA,NA,2961,3395,2733,NA,837,5905,938,1387,22.2,11.1,15.9,0,0,"s","weekend",TRUE
"522",2018-04-23,2018-04-23,NA,1976,1555,NA,NA,2500,3496,1899,NA,874,1105,1267,1141,23.5,4.6,14.6,1.8,0,"d","roboczy",FALSE
"523",2018-04-24,2018-04-23,NA,2521,1683,NA,NA,2894,3975,2219,NA,934,1428,1309,1215,20.5,11.2,16.1,0,0,"s","roboczy",FALSE
"524",2018-04-25,2018-04-23,NA,3160,1883,NA,NA,3412,4518,2669,NA,1092,1841,1506,1472,24.3,8.1,17.3,0.2,0,"d","roboczy",FALSE
"525",2018-04-26,2018-04-23,NA,1846,1571,NA,NA,2512,3505,1805,NA,848,892,1085,1095,20.9,10.4,12.1,1.1,0,"d","roboczy",FALSE
"526",2018-04-27,2018-04-23,NA,2714,1649,NA,NA,2873,3733,2099,NA,1001,1535,1263,1284,17.1,1.7,10.3,0,0,"s","roboczy",FALSE
"527",2018-04-28,2018-04-23,NA,3611,789,NA,NA,1986,2347,1900,NA,639,3694,809,962,26.2,3.6,15.9,0,0,"s","weekend",TRUE
"528",2018-04-29,2018-04-23,NA,3520,701,NA,NA,1798,2137,1735,NA,602,4027,711,865,29.2,10.4,19.2,1.4,0,"d","weekend",TRUE
"529",2018-04-30,2018-04-30,NA,2835,1188,NA,NA,2364,2928,1881,NA,795,2176,1196,1075,27,11.8,20.5,0,0,"s","roboczy",FALSE
"530",2018-05-01,2018-04-30,NA,5329,843,NA,NA,2559,2671,2438,NA,703,6341,949,1270,26.2,11.3,19,0,0,"s","roboczy",TRUE
"531",2018-05-02,2018-04-30,NA,2105,903,NA,NA,1752,2192,1449,NA,605,1674,826,876,25.1,11.1,17.6,0,0,"s","roboczy",FALSE
"532",2018-05-03,2018-04-30,NA,5003,775,NA,NA,2475,2511,2335,NA,745,5990,805,1208,29.6,12,20.9,0,0,"s","roboczy",TRUE
"533",2018-05-04,2018-04-30,NA,2910,963,NA,NA,2374,2766,1849,NA,749,2455,986,990,23.4,13.1,17.8,0,0,"s","roboczy",FALSE
"534",2018-05-05,2018-04-30,NA,3617,723,NA,NA,1995,2300,1885,NA,674,3935,726,1061,20.7,12,15.7,0,0,"s","weekend",TRUE
"535",2018-05-06,2018-04-30,NA,4257,826,NA,NA,2183,2365,2418,NA,709,5072,722,1149,20.6,5.7,14.4,0,0,"s","weekend",TRUE
"536",2018-05-07,2018-05-07,NA,3288,2013,NA,NA,3723,4712,2682,NA,1183,2130,1606,1582,22.1,6.3,15.5,0,0,"s","roboczy",FALSE
"537",2018-05-08,2018-05-07,NA,2082,1671,NA,NA,2694,3556,2034,NA,950,1137,1209,1244,20,10.3,15.8,14.6,0,"d","roboczy",FALSE
"538",2018-05-09,2018-05-07,NA,2369,1690,NA,NA,2931,3775,2190,NA,1007,1584,1572,1199,24.7,12.6,17.5,11.8,0,"d","roboczy",FALSE
"539",2018-05-10,2018-05-07,NA,3539,2084,NA,NA,3742,4748,2810,NA,1247,2311,2051,1592,25.7,11.8,19.5,0,0,"s","roboczy",FALSE
"540",2018-05-11,2018-05-07,NA,2277,1697,NA,NA,2914,3806,2080,NA,1047,1357,1801,1298,26.9,10.1,17.5,8.3,0,"d","roboczy",FALSE
"541",2018-05-12,2018-05-07,NA,3546,994,NA,NA,2132,2632,2060,NA,828,3672,1268,1082,23.4,12.4,17.5,0,0,"s","weekend",TRUE
"542",2018-05-13,2018-05-07,NA,5073,1068,NA,NA,2794,2994,2633,NA,865,5782,1044,1333,23.6,7.5,17.1,0,0,"s","weekend",TRUE
"543",2018-05-14,2018-05-14,NA,2655,1981,NA,NA,3338,4369,2563,NA,1096,1527,1563,1503,20.6,9.1,13.8,0,0,"s","roboczy",FALSE
"544",2018-05-15,2018-05-14,NA,1833,1567,NA,NA,2390,3438,1812,NA,1002,1061,1094,1063,16.3,6.9,11.6,0.9,0,"d","roboczy",FALSE
"545",2018-05-16,2018-05-14,NA,1156,1137,NA,NA,1698,2378,1332,NA,775,679,916,792,15.7,8.3,12.5,4,0,"d","roboczy",FALSE
"546",2018-05-17,2018-05-14,NA,579,636,NA,NA,902,1343,593,NA,409,237,541,373,14.5,11.9,12.9,22.5,0,"d","roboczy",FALSE
"547",2018-05-18,2018-05-14,NA,811,744,NA,NA,1096,1526,810,NA,523,415,527,478,13.8,12.7,13.4,0,0,"s","roboczy",FALSE
"548",2018-05-19,2018-05-14,NA,2302,709,NA,NA,1359,1853,1483,NA,733,2165,697,749,20.8,11.9,15.3,0,0,"s","weekend",TRUE
"549",2018-05-20,2018-05-14,NA,4352,807,NA,NA,2094,2569,2049,NA,711,4780,731,1163,20.1,7.8,14.8,0,0,"s","weekend",TRUE
"550",2018-05-21,2018-05-21,NA,2926,2082,NA,NA,3456,4482,2633,NA,1146,2043,1493,1549,20.2,6.8,14.5,0.1,0,"d","roboczy",FALSE
"551",2018-05-22,2018-05-21,NA,3445,2149,NA,NA,3884,4946,2946,NA,1193,2350,1710,1627,24.8,9.3,17.6,6.4,0,"d","roboczy",FALSE
"552",2018-05-23,2018-05-21,NA,2738,1845,NA,NA,3180,4101,2294,NA,1065,1639,1510,1295,24.4,11.4,17.7,0,0,"s","roboczy",FALSE
"553",2018-05-24,2018-05-21,NA,3518,2138,NA,NA,3864,4835,2885,NA,1287,2281,1691,1610,23.5,13.4,18.6,0,0,"s","roboczy",FALSE
"554",2018-05-25,2018-05-21,NA,2949,1915,NA,NA,3402,4246,2504,NA,1120,2011,1450,1454,24.3,11.3,18.1,0,0,"s","roboczy",FALSE
"555",2018-05-26,2018-05-21,NA,2622,935,NA,NA,1784,2315,1694,NA,768,2512,794,836,26.9,10.9,19.3,0,0,"s","weekend",TRUE
"556",2018-05-27,2018-05-21,NA,4098,934,NA,NA,2143,2569,2117,NA,817,4215,733,1072,27.1,13.1,20.7,0,0,"s","weekend",TRUE
"557",2018-05-28,2018-05-28,NA,3703,2216,NA,NA,3920,5099,2997,NA,1344,2489,2080,1643,27.2,14.3,21.2,0,0,"s","roboczy",FALSE
"558",2018-05-29,2018-05-28,NA,3754,2345,NA,NA,4148,5252,3080,NA,1256,2376,1812,1735,29.2,11.7,20.3,0,0,"s","roboczy",FALSE
"559",2018-05-30,2018-05-28,NA,3190,2020,NA,NA,3672,4743,2765,NA,1246,1883,1809,1455,28.5,13.1,21.1,0,0,"s","roboczy",FALSE
"560",2018-05-31,2018-05-28,NA,4624,884,NA,NA,2589,2533,2464,NA,724,5033,1078,1199,30.5,15.1,22.2,0,0,"s","roboczy",TRUE
"561",2018-06-01,2018-05-28,NA,2368,1179,NA,NA,2257,2816,1862,NA,779,1809,1178,985,30.6,13.3,22.3,0,0,"s","roboczy",FALSE
"562",2018-06-02,2018-05-28,NA,1934,568,NA,NA,1142,1458,1342,NA,560,1747,566,627,26.4,15,20.1,6.8,0,"d","weekend",TRUE
"563",2018-06-03,2018-05-28,NA,2897,708,NA,NA,1458,1889,1556,NA,635,2541,822,837,24.2,16.8,19.4,0,0,"s","weekend",TRUE
"564",2018-06-04,2018-06-04,NA,3230,2122,NA,NA,3595,4579,2684,NA,1199,1940,2091,1522,26.5,14.7,20.4,0,0,"s","roboczy",FALSE
"565",2018-06-05,2018-06-04,NA,3203,2022,NA,NA,3630,4677,2840,NA,1271,1955,2271,1449,26.4,13.4,20.4,0,0,"s","roboczy",FALSE
"566",2018-06-06,2018-06-04,NA,3534,2231,NA,NA,3961,5016,2910,NA,1232,2092,1711,1543,23,13.1,16.5,0,0,"s","roboczy",FALSE
"567",2018-06-07,2018-06-04,NA,3714,2217,NA,NA,3928,5156,3019,NA,1260,2440,1854,1668,24.9,8,17.5,0,0,"s","roboczy",FALSE
"568",2018-06-08,2018-06-04,NA,3207,1950,NA,NA,3640,4595,2698,NA,1175,1936,1794,1395,28.7,11.7,21,0,0,"s","roboczy",FALSE
"569",2018-06-09,2018-06-04,NA,2897,970,NA,NA,1988,2551,1925,NA,802,2748,825,942,30.1,17.1,23,0,0,"s","weekend",TRUE
"570",2018-06-10,2018-06-04,NA,3939,884,NA,NA,2055,2550,2027,NA,780,4051,675,1037,29.7,16.9,22.8,10.9,0,"d","weekend",TRUE
"571",2018-06-11,2018-06-11,NA,3194,2051,NA,NA,1367,4529,2786,NA,1183,1845,2004,1489,26.7,16.8,21.8,4.8,0,"d","roboczy",FALSE
"572",2018-06-12,2018-06-11,NA,1546,1115,NA,NA,14,2363,1318,NA,758,908,909,717,24.1,16,18.5,1.2,0,"d","roboczy",FALSE
"573",2018-06-13,2018-06-11,NA,2010,1555,NA,NA,0,3497,1857,NA,963,1083,1489,1116,20.5,11.6,16.4,0.1,0,"d","roboczy",FALSE
"574",2018-06-14,2018-06-11,NA,2266,1564,NA,NA,2,3610,1926,NA,1076,1165,1208,1040,20.4,15.9,17.5,0,0,"s","roboczy",FALSE
"575",2018-06-15,2018-06-11,NA,2771,1699,NA,NA,0,4029,2416,NA,1164,1739,1436,1353,23.6,14.2,19.3,0,0,"s","roboczy",FALSE
"576",2018-06-16,2018-06-11,NA,3070,945,NA,NA,0,2393,1910,NA,755,2883,758,937,26.6,14.4,21.1,0,0,"s","weekend",TRUE
"577",2018-06-17,2018-06-11,NA,4250,940,NA,NA,0,2721,2126,NA,872,4739,745,1210,26.1,15,21,0,0,"s","weekend",TRUE
"578",2018-06-18,2018-06-18,NA,2332,1593,NA,NA,0,3803,1883,NA,1031,1401,1283,1122,25.1,17.5,20.2,0.1,0,"d","roboczy",FALSE
"579",2018-06-19,2018-06-18,NA,3207,2004,NA,NA,28,4599,2648,NA,1281,1999,1875,1498,26.6,16.2,22,0,0,"s","roboczy",FALSE
"580",2018-06-20,2018-06-18,NA,3853,2185,NA,NA,7,4940,3117,NA,1322,2369,2159,1625,27.9,14.9,22.3,0,0,"s","roboczy",FALSE
"581",2018-06-21,2018-06-18,NA,3079,1926,NA,NA,1,4461,2632,NA,1135,1775,1693,1468,32.5,16.5,24,17.8,0,"d","roboczy",FALSE
"582",2018-06-22,2018-06-18,NA,1969,1489,NA,NA,12,3388,1884,NA,986,1008,1781,1047,26.9,10.9,13.7,0,0,"s","roboczy",FALSE
"583",2018-06-23,2018-06-18,NA,718,379,NA,NA,1,902,693,NA,372,467,342,362,15.3,9.4,11.9,13.4,0,"d","weekend",TRUE
"584",2018-06-24,2018-06-18,NA,569,244,NA,NA,0,637,539,NA,313,526,335,261,18.1,11,13.1,1.7,0,"d","weekend",TRUE
"585",2018-06-25,2018-06-25,NA,2225,1501,NA,NA,1230,3416,1936,NA,944,1343,1448,1189,19.6,11.5,15.2,0.9,0,"d","roboczy",FALSE
"586",2018-06-26,2018-06-25,NA,2392,1528,NA,NA,2591,3580,1922,NA,963,1408,1452,1213,19.4,11.9,15,1.3,0,"d","roboczy",FALSE
"587",2018-06-27,2018-06-25,NA,1885,1487,NA,NA,2664,3491,1853,NA,872,1014,1267,1125,19.6,9.5,16,9.3,0,"d","roboczy",FALSE
"588",2018-06-28,2018-06-25,NA,681,631,NA,NA,1014,1363,655,NA,479,287,563,422,19.4,15.5,17.6,4.1,0,"d","roboczy",FALSE
"589",2018-06-29,2018-06-25,NA,2446,1380,NA,NA,2564,3438,1896,NA,982,1691,2053,1129,27.4,17.4,21.7,0,0,"s","roboczy",FALSE
"590",2018-06-30,2018-06-25,NA,1347,555,NA,NA,985,1308,1026,NA,478,1166,529,544,25,11.3,14.1,0,0,"s","weekend",TRUE
"591",2018-07-01,2018-06-25,NA,1304,407,NA,NA,744,1150,682,NA,375,1132,424,394,16.5,9.1,13.1,2.3,0,"d","weekend",TRUE
"592",2018-07-02,2018-07-02,NA,2534,1654,NA,NA,2978,3799,2171,NA,881,1649,1471,1357,19.7,9.6,14.6,0,0,"s","roboczy",FALSE
"593",2018-07-03,2018-07-02,NA,3027,1799,NA,NA,3333,4258,2527,NA,1112,2041,1492,1437,23.5,8.4,16.6,0,0,"s","roboczy",FALSE
"594",2018-07-04,2018-07-02,0,3735,2047,0,NA,3828,4784,2959,0,1147,2585,1711,1721,27.8,9.6,19.8,0,0,"s","roboczy",FALSE
"595",2018-07-05,2018-07-02,0,3590,1984,1759,NA,3363,4720,2819,0,1113,2423,2108,1661,30.5,11.3,22.3,0,0,"s","roboczy",FALSE
"596",2018-07-06,2018-07-02,465,1706,1362,1477,NA,2392,3104,1717,175,776,1121,1204,1058,27.8,15.9,19.3,3.1,0,"d","roboczy",FALSE
"597",2018-07-07,2018-07-02,842,2596,735,1444,985,1662,2011,1742,688,751,2987,1013,870,25.8,14.7,20.3,0,0,"s","weekend",TRUE
"598",2018-07-08,2018-07-02,934,3622,788,1720,1988,1904,2312,2117,767,686,4530,990,1092,26.2,12.2,20,0,0,"s","weekend",TRUE
"599",2018-07-09,2018-07-09,1173,2165,1585,1608,2914,2683,3628,2046,699,977,1597,1257,1183,27.1,15.1,21,0,0,"s","roboczy",FALSE
"600",2018-07-10,2018-07-09,1176,2105,1729,1861,3083,3019,3701,2202,716,928,1452,1677,1271,28.7,13.7,19.8,1.4,0,"d","roboczy",FALSE
"601",2018-07-11,2018-07-09,717,1271,1236,1198,2095,2112,2563,1396,470,734,794,953,860,23,16,18.3,4.2,0,"d","roboczy",FALSE
"602",2018-07-12,2018-07-09,1234,2261,1717,1852,3194,3056,3766,2285,811,995,1734,1781,1304,23.5,14.3,18.5,8.3,0,"d","roboczy",FALSE
"603",2018-07-13,2018-07-09,604,1253,953,961,1871,1643,2159,1366,406,702,919,2589,751,23.8,14.7,17.9,6.9,0,"d","roboczy",FALSE
"604",2018-07-14,2018-07-09,409,781,414,508,793,720,936,785,271,383,855,935,391,25.2,15.2,18.5,4.7,0,"d","weekend",TRUE
"605",2018-07-15,2018-07-09,584,2131,564,1031,1360,1267,1577,1492,465,572,2724,899,732,25.6,16.4,20.4,0,0,"s","weekend",TRUE
"606",2018-07-16,2018-07-16,913,1589,1244,1303,2464,2342,2900,1691,581,687,1154,1306,983,26.1,16.3,19.5,8.3,0,"d","roboczy",FALSE
"607",2018-07-17,2018-07-16,281,469,450,409,805,742,976,602,170,290,273,975,354,20.8,17.4,18.1,23.8,0,"d","roboczy",FALSE
"608",2018-07-18,2018-07-16,279,453,535,440,973,822,991,566,199,389,261,1258,397,22.4,17.8,19.5,37.9,0,"d","roboczy",FALSE
"609",2018-07-19,2018-07-16,430,805,756,688,1415,1349,1518,911,252,548,542,817,528,20.8,18.2,18.9,2.1,0,"d","roboczy",FALSE
"610",2018-07-20,2018-07-16,873,1940,1072,1259,2207,2090,2700,1506,592,791,1470,1452,962,25.7,18,20.4,0,0,"s","roboczy",FALSE
"611",2018-07-21,2018-07-16,925,2984,828,1644,1750,1761,2100,1793,785,689,3718,2215,984,27.5,12.7,20.7,0,0,"s","weekend",TRUE
"612",2018-07-22,2018-07-16,970,3630,818,2068,1972,2042,2310,2105,725,746,4925,1519,1153,28.5,13.7,21.1,0,0,"s","weekend",TRUE
"613",2018-07-23,2018-07-23,1381,2694,1753,2182,3531,3360,4156,2480,1025,1011,2177,2153,1495,27.8,15.8,22,0,0,"s","roboczy",FALSE
"614",2018-07-24,2018-07-23,1639,3260,2055,2533,3913,3893,4533,2941,1153,1090,2684,2381,1595,28.5,13.9,22.9,0,0,"s","roboczy",FALSE
"615",2018-07-25,2018-07-23,1489,2911,1833,2395,3604,3674,4229,2619,1078,998,2174,1658,1492,28.5,14.7,22,0,0,"s","roboczy",FALSE
"616",2018-07-26,2018-07-23,1198,2240,1547,1889,3256,3015,3755,2081,829,879,1555,1727,1290,26.8,15.9,20.8,0,0,"s","roboczy",FALSE
"617",2018-07-27,2018-07-23,1256,2494,1545,1859,3024,2783,3635,2077,863,931,1828,2226,1305,27.8,17.3,22.2,0,0,"s","roboczy",FALSE
"618",2018-07-28,2018-07-23,787,2387,745,1702,1610,1790,1933,1633,733,598,2760,959,887,30.5,16.5,23.8,0,0,"s","weekend",TRUE
"619",2018-07-29,2018-07-23,587,1789,488,989,1325,1125,1491,1225,455,416,2068,434,667,29.2,17.9,21.6,35.8,0,"d","weekend",TRUE
"620",2018-07-30,2018-07-30,1111,1931,1437,1704,2767,2722,3389,1968,734,832,1356,1232,1281,27.9,16.2,21.1,3,0,"d","roboczy",FALSE
"621",2018-07-31,2018-07-30,1235,2455,1612,1959,3219,3138,3894,2342,948,897,1918,1443,1463,27.8,16.4,22,0.5,0,"d","roboczy",FALSE
"622",2018-08-01,2018-07-30,1179,2342,1595,2091,3216,3247,3796,2180,923,941,1828,1308,1400,29.1,18.4,23.1,5.2,0,"d","roboczy",FALSE
"623",2018-08-02,2018-07-30,1351,2695,1710,2316,3266,3419,3856,2438,980,989,2098,1485,1500,30.4,18.9,24.4,0,0,"s","roboczy",FALSE
"624",2018-08-03,2018-07-30,1211,2506,1577,2124,3031,2995,3674,2239,924,864,1903,1317,1400,29.3,17.9,23.7,0,0,"s","roboczy",FALSE
"625",2018-08-04,2018-07-30,735,2263,663,1733,1556,1751,1810,1554,652,721,2366,1062,986,31.2,16.2,23.9,0,0,"s","weekend",TRUE
"626",2018-08-05,2018-07-30,605,2012,596,1254,1461,1365,1554,1345,615,522,2548,1181,863,28.2,19.4,22.4,11.1,0,"d","weekend",TRUE
"627",2018-08-06,2018-08-06,1377,2807,1710,2257,3218,3310,3857,2487,982,1054,2262,1406,1559,25.6,16.4,20.7,0,0,"s","roboczy",FALSE
"628",2018-08-07,2018-08-06,1472,3173,1824,2496,3441,3622,4065,2767,1103,1084,2521,1868,1749,27.8,13.3,20.9,0,0,"s","roboczy",FALSE
"629",2018-08-08,2018-08-06,1529,2759,1777,2330,3486,3492,4118,2507,1040,1016,2156,1915,1605,28.6,15.3,22.6,0,0,"s","roboczy",FALSE
"630",2018-08-09,2018-08-06,1415,2614,1720,2291,3276,3341,3885,2425,999,1024,1849,2176,1562,32.8,18.7,25.4,0,0,"s","roboczy",FALSE
"631",2018-08-10,2018-08-06,1004,1505,1271,1417,2414,2250,2819,1615,665,773,1078,1404,1073,32.1,17.8,23.7,26.8,0,"d","roboczy",FALSE
"632",2018-08-11,2018-08-06,451,890,367,515,746,673,898,778,362,354,970,355,386,22.1,16.7,17.9,0,0,"s","weekend",TRUE
"633",2018-08-12,2018-08-06,1082,3890,792,1924,1934,2051,2283,2283,794,699,5463,652,1276,24.9,13.9,19.5,0,0,"s","weekend",TRUE
"634",2018-08-13,2018-08-13,1541,2548,1680,2170,3198,3123,3737,2456,1042,986,2011,1403,1488,30.3,12.7,22,0,0,"s","roboczy",FALSE
"635",2018-08-14,2018-08-13,1194,1816,1456,1622,2712,2503,3167,1964,691,848,1317,1830,1169,26.5,15.8,21.2,0.9,0,"d","roboczy",FALSE
"636",2018-08-15,2018-08-13,1148,3514,886,1749,2387,2181,2552,2190,762,767,4940,1124,1235,24.7,18,20.7,0,0,"s","roboczy",TRUE
"637",2018-08-16,2018-08-13,1520,2356,1619,1866,3067,2991,3721,2225,912,931,1882,1554,1374,25.1,14.8,20.1,0,0,"s","roboczy",FALSE
"638",2018-08-17,2018-08-13,1497,2442,1565,1896,2982,2795,3526,2254,883,959,1965,1430,1341,26.6,14.8,20.9,0,0,"s","roboczy",FALSE
"639",2018-08-18,2018-08-13,939,1933,650,1268,1517,1323,1838,1614,682,543,2532,1108,836,27.8,15.8,21.3,0,0,"s","weekend",TRUE
"640",2018-08-19,2018-08-13,959,2795,745,1677,1889,1734,2122,1812,647,550,3753,681,1099,28.9,15.2,21.7,0,0,"s","weekend",TRUE
"641",2018-08-20,2018-08-20,1632,2663,1792,2173,3448,3323,4059,2459,1089,1080,2118,1518,1565,30.5,15.4,23.1,0,0,"s","roboczy",FALSE
"642",2018-08-21,2018-08-20,1667,2675,1865,2364,3646,3616,4249,2694,1092,1038,2123,1637,1714,25.2,15.9,21,0,0,"s","roboczy",FALSE
"643",2018-08-22,2018-08-20,1754,3064,1894,2508,3804,3699,4315,2798,1085,1099,2575,1661,1715,25.2,16,20.2,0,0,"s","roboczy",FALSE
"644",2018-08-23,2018-08-20,1599,2976,1912,2442,3640,3512,4150,2859,1118,1086,2482,1633,1698,30.8,14.3,22.3,0,0,"s","roboczy",FALSE
"645",2018-08-24,2018-08-20,923,1635,1347,1447,2528,2389,2942,1729,636,752,1160,1083,1118,28.4,16.4,21.6,6.8,0,"d","roboczy",FALSE
"646",2018-08-25,2018-08-20,313,516,325,415,638,513,801,530,230,287,611,268,325,19.1,16.5,17.5,9.4,0,"d","weekend",TRUE
"647",2018-08-26,2018-08-20,138,247,161,199,356,288,423,283,110,161,251,821,174,17.3,12.5,13.7,8.9,0,"d","weekend",TRUE
"648",2018-08-27,2018-08-27,1241,2072,1553,1742,2893,2798,3488,1951,844,847,1615,1454,1331,19.1,8.9,13.7,0,0,"s","roboczy",FALSE
"649",2018-08-28,2018-08-27,1219,2114,1674,1874,3394,3023,3876,2221,914,996,1673,1693,1404,22.5,9,16.2,0,0,"s","roboczy",FALSE
"650",2018-08-29,2018-08-27,1430,2802,1841,2210,3511,3364,4205,2503,1023,1042,2327,1920,1610,22.4,10.6,16.8,0,0,"s","roboczy",FALSE
"651",2018-08-30,2018-08-27,1411,2770,1847,2321,3667,3441,4235,2607,1132,1054,2512,2419,1724,26.9,10.7,19.2,1.7,0,"d","roboczy",FALSE
"652",2018-08-31,2018-08-27,1043,1727,1376,1505,2798,2413,3211,1865,752,848,1441,1216,1220,22.6,16.2,18.3,0.1,0,"d","roboczy",FALSE
"653",2018-09-01,2018-08-27,846,2220,724,1211,1642,1503,1924,1690,662,637,2645,1039,904,25.2,14.9,19.7,0,0,"s","weekend",TRUE
"654",2018-09-02,2018-08-27,903,2662,770,1518,2047,1757,2174,1818,743,662,3580,1480,986,26.6,14.9,20.1,0,0,"s","weekend",TRUE
"655",2018-09-03,2018-09-03,1411,2499,1821,2189,3505,3361,4177,2430,1039,1070,1962,2074,1532,25,13,19.6,1.9,0,"d","roboczy",FALSE
"656",2018-09-04,2018-09-03,743,1270,1168,1372,2123,2161,2561,1515,581,817,978,1239,1031,22,15.6,18.3,11.6,0,"d","roboczy",FALSE
"657",2018-09-05,2018-09-03,924,1527,1401,1414,2593,2284,3020,1660,648,916,1182,1488,1095,23.3,15.2,18.6,0,0,"s","roboczy",FALSE
"658",2018-09-06,2018-09-03,1228,1951,1751,1733,3280,2872,3878,2149,894,1001,1594,1683,1372,22.6,11.2,16.3,0.5,0,"d","roboczy",FALSE
"659",2018-09-07,2018-09-03,1292,2224,1680,1806,3228,2905,3745,2135,1012,1044,1795,2527,1368,24.6,10.7,17.5,0,0,"s","roboczy",FALSE
"660",2018-09-08,2018-09-03,546,1037,556,637,1090,905,1384,952,667,461,1243,553,550,20.2,12.7,16.1,0,0,"s","weekend",TRUE
"661",2018-09-09,2018-09-03,1024,3331,743,1588,2016,1909,2304,2090,754,666,4532,1127,1122,22.6,9.9,15.8,0,0,"s","weekend",TRUE
"662",2018-09-10,2018-09-10,1328,2264,1863,1964,3404,3129,4046,2380,931,1014,1834,1993,1510,24.5,9.5,16.7,0,0,"s","roboczy",FALSE
"663",2018-09-11,2018-09-10,1267,2144,1870,1865,3413,3113,3919,2187,862,1066,1553,1837,1457,22.5,10.8,16.6,0,0,"s","roboczy",FALSE
"664",2018-09-12,2018-09-10,1489,2732,1951,2211,3677,3456,4302,2498,1056,1103,2288,1750,1603,29.2,11,19.4,0,0,"s","roboczy",FALSE
"665",2018-09-13,2018-09-10,1436,2399,1927,2173,3497,3254,4158,2394,934,1116,2063,2051,1561,28.1,12,19.7,0,0,"s","roboczy",FALSE
"666",2018-09-14,2018-09-10,823,1233,1284,1302,2335,1995,2646,1422,528,788,812,1024,973,20.6,14.7,17.2,9.2,0,"d","roboczy",FALSE
"667",2018-09-15,2018-09-10,351,902,336,478,729,638,837,728,301,368,910,626,363,20.8,15.8,17,1,0,"d","weekend",TRUE
"668",2018-09-16,2018-09-10,856,3382,717,1521,1818,1687,2051,1932,652,741,4440,871,1047,21.3,8.4,14.4,0,0,"s","weekend",TRUE
"669",2018-09-17,2018-09-17,1340,2444,1777,1903,3211,3018,3743,2197,885,1036,1700,2522,1446,25.3,7.9,16.5,0,0,"s","roboczy",FALSE
"670",2018-09-18,2018-09-17,1403,2731,1845,2110,3510,3408,4140,2374,918,1148,1994,2178,1552,26.3,11,18.2,0,0,"s","roboczy",FALSE
"671",2018-09-19,2018-09-17,1381,2880,1815,2099,3546,3429,4196,2497,966,1131,2133,1605,1523,26.7,10.3,17.9,0,0,"s","roboczy",FALSE
"672",2018-09-20,2018-09-17,1422,2871,1811,2122,3510,3427,4157,2582,999,1110,2151,1848,1535,27.7,10.2,18.1,0,0,"s","roboczy",FALSE
"673",2018-09-21,2018-09-17,1277,2702,1558,1850,3126,2905,3708,2128,897,1087,2127,1336,1477,27.3,9.9,18.2,5.8,0,"d","roboczy",FALSE
"674",2018-09-22,2018-09-17,323,627,318,362,579,554,703,508,198,368,631,286,326,19.6,11.7,13.2,0.1,0,"d","weekend",TRUE
"675",2018-09-23,2018-09-17,558,1392,407,577,1057,800,1144,953,281,434,1582,352,713,17.4,9.6,13.3,10,0,"d","weekend",TRUE
"676",2018-09-24,2018-09-24,395,646,727,622,1341,1177,1522,762,304,545,344,595,547,16.9,7.9,10.1,0.9,0,"d","roboczy",FALSE
"677",2018-09-25,2018-09-24,497,960,964,856,1661,1619,1952,1003,377,694,519,710,750,11.8,6,7.8,0.2,0,"d","roboczy",FALSE
"678",2018-09-26,2018-09-24,682,1488,1144,1148,2012,1914,2352,1333,486,812,903,899,859,14.9,1.7,8.7,0,0,"s","roboczy",FALSE
"679",2018-09-27,2018-09-24,746,1392,1202,1166,2202,1954,2500,1304,536,823,877,927,973,16.8,8.5,12.8,0,0,"s","roboczy",FALSE
"680",2018-09-28,2018-09-24,908,1907,1315,1339,2471,2169,2777,1584,621,894,1377,1082,1107,22,6.1,14,1.6,0,"d","roboczy",FALSE
"681",2018-09-29,2018-09-24,355,1052,484,519,944,796,1096,760,346,471,1035,413,511,15.2,6.3,9,0,0,"s","weekend",TRUE
"682",2018-09-30,2018-09-24,526,1789,479,734,1094,921,1170,1064,408,523,2137,468,633,15.5,-0.6,7,0,0,"s","weekend",TRUE
"683",2018-10-01,2018-10-01,773,1600,1301,1183,2426,2133,2722,1557,546,981,995,1123,996,NA,NA,NA,NA,NA,NA,"roboczy",FALSE
"684",2018-10-02,2018-10-01,348,586,577,484,1090,974,1226,622,253,478,330,479,462,NA,NA,NA,NA,NA,NA,"roboczy",FALSE
"685",2018-10-03,2018-10-01,492,889,854,672,1559,1307,1750,997,309,662,461,728,618,NA,NA,NA,NA,NA,NA,"roboczy",FALSE
"686",2018-10-04,2018-10-01,706,1304,1120,989,2112,1777,2445,1247,460,776,805,1103,855,NA,NA,NA,NA,NA,NA,"roboczy",FALSE
"687",2018-10-05,2018-10-01,771,1682,1187,1086,2226,1855,2516,1462,566,882,1242,1031,956,NA,NA,NA,NA,NA,NA,"roboczy",FALSE
"688",2018-10-06,2018-10-01,660,2344,628,849,1225,1261,1567,1390,512,630,2536,673,795,NA,NA,NA,NA,NA,NA,"weekend",TRUE
"689",2018-10-07,2018-10-01,540,1904,459,753,1167,1053,1345,999,447,507,2035,458,606,NA,NA,NA,NA,NA,NA,"weekend",TRUE
"690",2018-10-08,2018-10-08,732,1402,1272,1034,2427,1952,2670,1398,501,792,781,946,1029,NA,NA,NA,NA,NA,NA,"roboczy",FALSE
"691",2018-10-09,2018-10-08,897,1980,1321,1269,2731,2347,3106,1601,634,938,1235,1033,1219,NA,NA,NA,NA,NA,NA,"roboczy",FALSE
"692",2018-10-10,2018-10-08,994,2163,1430,1333,2729,2342,3167,1744,680,963,1328,1051,1239,NA,NA,NA,NA,NA,NA,"roboczy",FALSE
"693",2018-10-11,2018-10-08,881,1944,1391,1231,2596,2185,2903,1497,650,882,1128,1003,1138,NA,NA,NA,NA,NA,NA,"roboczy",FALSE
"694",2018-10-12,2018-10-08,854,2072,1269,1244,2515,2090,2772,1563,643,841,1346,1012,1123,NA,NA,NA,NA,NA,NA,"roboczy",FALSE
"695",2018-10-13,2018-10-08,657,2385,662,835,1364,1274,1654,1301,558,550,2389,500,778,NA,NA,NA,NA,NA,NA,"weekend",TRUE
"696",2018-10-14,2018-10-08,696,2214,586,961,1483,1483,1736,1408,518,451,3207,455,773,NA,NA,NA,NA,NA,NA,"weekend",TRUE
"697",2018-10-15,2018-10-15,867,2036,1448,1327,2647,2317,2994,1646,649,867,1312,1113,1208,NA,NA,NA,NA,NA,NA,"roboczy",FALSE
"698",2018-10-16,2018-10-15,936,2094,1435,1393,2975,2422,3116,1644,599,967,1333,1118,1239,NA,NA,NA,NA,NA,NA,"roboczy",FALSE
"699",2018-10-17,2018-10-15,905,1988,1404,1323,2751,2335,3091,1656,557,932,1221,1181,1166,NA,NA,NA,NA,NA,NA,"roboczy",FALSE
"700",2018-10-18,2018-10-15,805,1789,1350,1148,2521,2110,2774,1497,610,883,1068,967,1081,NA,NA,NA,NA,NA,NA,"roboczy",FALSE
"701",2018-10-19,2018-10-15,617,1271,1070,878,2005,1629,2163,1090,428,832,714,787,918,NA,NA,NA,NA,NA,NA,"roboczy",FALSE
"702",2018-10-20,2018-10-15,240,603,316,308,692,445,756,472,178,312,467,259,249,NA,NA,NA,NA,NA,NA,"weekend",TRUE
"703",2018-10-21,2018-10-15,138,414,198,186,461,338,528,347,87,273,348,134,207,NA,NA,NA,NA,NA,NA,"weekend",TRUE
"704",2018-10-22,2018-10-22,574,1189,1016,840,1900,1550,2101,1064,344,723,696,882,766,NA,NA,NA,NA,NA,NA,"roboczy",FALSE
"705",2018-10-23,2018-10-22,367,733,740,577,1397,1122,1494,766,256,565,366,719,594,NA,NA,NA,NA,NA,NA,"roboczy",FALSE
"706",2018-10-24,2018-10-22,324,681,652,515,1243,1059,1336,664,209,580,375,583,471,NA,NA,NA,NA,NA,NA,"roboczy",FALSE
"707",2018-10-25,2018-10-22,238,478,595,402,1042,856,1127,557,173,461,289,525,422,NA,NA,NA,NA,NA,NA,"roboczy",FALSE
"708",2018-10-26,2018-10-22,428,955,772,597,1479,1246,1619,837,293,659,539,771,641,NA,NA,NA,NA,NA,NA,"roboczy",FALSE
"709",2018-10-27,2018-10-22,224,508,310,326,638,416,713,428,195,329,480,210,266,NA,NA,NA,NA,NA,NA,"weekend",TRUE
"710",2018-10-28,2018-10-22,46,131,83,90,210,167,227,161,59,139,100,92,89,NA,NA,NA,NA,NA,NA,"weekend",TRUE
"711",2018-10-29,2018-10-29,480,1142,950,773,1702,1405,1895,1093,339,676,684,690,724,NA,NA,NA,NA,NA,NA,"roboczy",FALSE
"712",2018-10-30,2018-10-29,727,1573,1282,1133,2311,1986,2573,1363,442,870,880,946,1039,NA,NA,NA,NA,NA,NA,"roboczy",FALSE
